smiles,capacity_max,flatness,PS,symmetry,%C,%N,%O,MolLogP,num_atoms,num_bonds,num_aromatic_rings,num_heteroatoms,num_rotatable_bonds,num_h_acceptors,num_h_donors,tpsa,mol_wt,experts_data
C#CC(C=C1)=CC=C1C#N,628.0,0.15849432696972715,1.5274709327490539,C2v,90.0,10.0,0.0,1.53958,10,10,1,1,0,1,0,23.79,127.04219916,True
CC(C)C(C=C1)=CC=C1N2C(C=C(C3=CC=C(C#N)C=C3)N4C5=CC=C(C(C)C)C=C5)=C4C=C2C6=CC=C(C#N)C=C6,255.0,1.7502658061965015,3.422302684022821,C1,90.47619047619048,9.523809523809524,0.0,9.745359999999996,42,47,6,4,6,4,0,57.44,544.2626970240001,True
CC1=CC2=C(C=C1)N=C(N3C(C4=CC=C(C#N)C=C4)=CC5=C3C=C(C6=CC=C(C#N)C=C6)N5C7=NC(C=CC(C)=C8)=C8S7)S2,269.0,1.6749136598289933,3.444589060833882,C1,81.81818181818183,13.636363636363635,0.0,9.334799999999998,44,51,8,8,4,6,0,83.22000000000001,602.1347367040001,True
ClC1=NC(C(C=C2)=CC=C2C3=CC(C4=CC=CC=C4)=CC(C5=CC=CC=C5)=C3)=NC(Cl)=N1,228.0,0.7324653194790345,2.8535151250598787,C1,84.375,9.375,0.0,7.846400000000005,32,36,5,5,4,3,0,38.67,453.0799529040001,True
ClC1=NC([N+](C=C2)=CC=C2C3=CC=NC=C3)=NC(Cl)=N1,196.0,0.6905512449865353,2.2036333190747284,C1,65.0,25.0,0.0,2.5171,20,22,3,7,2,5,0,55.44,304.01512703609,True
FC1=C(F)C(C#N)=C(F)C(F)=C1C#N,379.0,0.013632407173650007,1.525032807839302,D2h,57.14285714285714,14.285714285714285,0.0,1.9863600000000001,14,14,1,6,0,2,0,47.58,199.99976088,True
N#C/C(C#N)=C(C=C/1)/C=CC1=C(C#N)/C#N,383.0,0.3418123704661705,1.7848019334249252,C2v,75.0,25.0,0.0,0.08231999999999995,16,16,1,4,0,4,0,95.16,204.043596128,True
N#C/C=C/C#N,404.0,0.028830661811112945,1.1353238475136982,C2h,66.66666666666666,33.33333333333333,0.0,0.5897599999999998,6,5,0,2,0,2,0,47.58,78.021798064,True
N#CC(C=C1)=CC=C1C2=CC3=C(C=C(C4=CC=C(C#N)C=C4)N3C5=CC=C(C#N)C=C5)N2C6=CC=C(C#N)C=C6,291.0,1.6888775981205033,3.4223314856534204,C1,85.0,15.0,0.0,7.241920000000007,40,45,6,6,4,6,0,105.01999999999998,510.1592945760001,True
N#CC1=C(C=CC2=C(C#N)C=C3C#N)C4=C2C3=CC=C4C(C#N)=C1,500.0,0.2515077322199071,2.072188518152457,D2h,83.33333333333334,16.666666666666664,0.0,4.070720000000002,24,27,4,4,0,4,0,95.16,302.05924619200005,True
N#CC1=C2C(C=CC=C2)=C(C#N)C3=CC=CC=C31,589.0,0.1458549951529579,1.5310091860766042,D2h,88.88888888888889,11.11111111111111,0.0,3.7363600000000012,18,20,3,2,0,2,0,47.58,228.068748256,True
N#CC1=CC=C(C#N)C=C1,298.0,0.032157072589925825,1.5200618617859212,D2h,80.0,20.0,0.0,1.4299600000000001,10,10,1,2,0,2,0,47.58,128.037448128,True
N#CC1=CC=C(C2=CC=C(C#N)C=C2)C=C1,280.0,0.7780783803240954,2.3452691332331512,D2,87.5,12.5,0.0,3.096960000000001,16,17,2,2,1,2,0,47.58,204.068748256,True
N#CC1=CC=C(C2=CC=C(C#N)C=N2)N=C1,393.0,0.33583157117342965,2.318424592759696,C2v,75.0,25.0,0.0,1.8869599999999995,16,17,2,4,1,4,0,73.36,206.059246192,True
N#CC1=CC=CC(C#N)=N1,406.0,0.00432125394577255,1.2912116051042744,C2v,70.0,30.0,0.0,0.8249599999999999,10,10,1,3,0,3,0,60.47,129.032697096,True
NC(C=C1)=CC=C1C2=NC(C3=CC=C(N(C4=O)C(C5=C4C=C(C(OC6=O)=O)C6=C5)=O)C=C3)=NC(C7=CC=C(N)C=C7)=N2,423.0,0.9822678660024016,3.578277222430097,C1,73.80952380952381,14.285714285714285,11.904761904761903,3.0435000000000008,42,48,7,11,4,11,4,177.06,554.1338676759999,True
NC(C=C1)=CC=C1C2=NC(C3=CC=C(N(C4=O)C(C5=CC=C6C7=C5C4=CC=C7C(OC6=O)=O)=O)C=C3)=NC(C8=CC=C(N)C=C8)=N2,388.0,1.049580637482598,3.7176786084442908,C1,76.08695652173914,13.043478260869565,10.869565217391305,5.3014000000000046,46,53,6,11,4,11,4,171.46000000000004,604.1495177399999,True
NC(N=C1)=CC=C1C2=NC(C3=CC=C(N=CC4=C(O)C(C=O)=C(O)C(C=O)=C4)N=C3)=NC(C5=CN=C(N)C=C5)=N2,310.0,1.2285777726298315,3.505300906992647,C1,67.5,22.5,10.0,3.008800000000001,40,44,5,13,7,13,6,216.34000000000003,533.156000088,True
NC(N=C1)=CC=C1C2=NC(C3=CC=C(N=CC4=C(O)C(C=O)=C(O)C(C=O)=C4O)N=C3)=NC(C5=CN=C(N)C=C5)=N2,400.0,1.13355311681049,3.1426055074420782,C1,65.85365853658537,21.951219512195124,12.195121951219512,2.7143999999999995,41,45,5,14,7,14,7,236.57,549.150914708,True
NC(N=C1)=CC=C1C2=NC(C3=CC=C(N=CC4=C(O)C(C=O)=CC(C=O)=C4)N=C3)=NC(C5=CN=C(N)C=C5)=N2,546.0,1.0099395636779351,3.6615462938571057,C1,69.23076923076923,23.076923076923077,7.6923076923076925,3.3032000000000004,39,43,5,12,7,12,5,196.11,517.1610854680001,True
NC1=C(O)C=C(N=CC(C=C2)=CC=C2C3=NC(C4=CC=C(C=O)C=C4)=NC(C5=CC=C(C=O)C=C5)=N3)C(O)=C1,256.0,0.976839431822888,3.1390677837135077,C1,76.92307692307693,12.82051282051282,10.256410256410255,5.241600000000005,39,43,5,9,7,9,4,151.65,515.159354152,True
NC1=NC(N=CN(CC2)CCN2C=O)=NC(N)=N1,335.0,0.8904429049034824,2.2706591605655824,C1,50.0,44.44444444444444,5.555555555555555,-1.5301999999999982,18,19,1,9,3,9,4,126.61999999999999,250.12905706799998,True
O=C(N(N1)C2=CC=C(C#N)C=C2)C3=C(C1=O)C=C(C4=O)C(C(N(N4)C5=CC=C(C#N)C=C5)=O)=C3,256.0,1.2284452885921353,3.7817365421917466,C1,70.58823529411765,17.647058823529413,11.76470588235294,1.4147599999999994,34,38,5,10,2,10,2,157.29999999999998,448.09200286400005,True
O=C(N1C2=CC=C(C#N)C=C2)C3=CC4=C(C(N(C(C=C5)=CC=C5C#N)C4=O)=O)C=C3C1=O,231.0,0.9286564149752865,3.875050837623912,C1,75.0,12.5,12.5,1.6341599999999998,32,36,5,8,2,8,0,125.71999999999997,418.07020479999994,True
C([C@@H]1[C@@H]2[C@@H]([C@H]([C@H](O1)O[C@@H]3[C@H](O[C@@H]([C@@H]([C@H]3O)O)O[C@@H]4[C@H](O[C@@H]([C@@H]([C@H]4O)O)O[C@@H]5[C@H](O[C@@H]([C@@H]([C@H]5O)O)O[C@@H]6[C@H](O[C@@H]([C@@H]([C@H]6O)O)O[C@@H]7[C@H](O[C@H](O2)[C@@H]([C@H]7O)O)CO)CO)CO)CO)CO)O)O)O,38.0,1.6697383672569537,2.8560732508168565,C1,54.54545454545454,0.0,45.45454545454545,-13.054800000000025,66,72,0,30,6,30,18,474.90000000000015,972.3169405200002,False
C([C@@H]1[C@H]([C@@H]([C@H]([C@H](O1)O[C@@H]2[C@H](O[C@H]([C@@H]([C@H]2O)O)O)CO)O)O)O)O,175.0,1.3147746206629891,1.7609502663141772,C1,52.17391304347826,0.0,47.82608695652174,-5.397199999999994,23,24,0,11,4,11,8,189.52999999999997,342.11621152399994,False
C1(N2C(C=CC=C3)=C3C4=C2C=CC=C4)=CC=C(C(C=C5)=CC=C5N6C(C=CC=C7)=C7C8=C6C=CC=C8)C=C1,300.0,1.20454736047102,3.2158590219118444,C1,94.73684210526315,5.263157894736842,0.0,9.547799999999995,38,45,8,2,3,2,0,9.86,484.193948768,False
C1(N2C(C=CC=C3)=C3C4=C2C=CC=C4)=CC=C(N(C(C=C5)=CC=C5N6C(C=CC=C7)=C7C8=C6C=CC=C8)C(C=C9)=CC=C9N%10C(C=CC=C%11)=C%11C%12=C%10C=CC=C%12)C=C1,380.0,1.6686224241438237,3.4031886739307695,C1,93.10344827586206,6.896551724137931,0.0,14.447699999999973,58,69,12,4,6,4,0,18.03,740.293997152,False
C1(N2C(C=CC=C3)=C3C4=C2C=CC=C4)=NC(N5C(C=CC=C6)=C6C7=C5C=CC=C7)=NC(N8C(C=CC=C9)=C9C%10=C8C=CC=C%10)=N1,550.0,2.1711574650907197,2.4329404076664014,C1,86.66666666666667,13.333333333333334,0.0,9.162899999999997,45,54,10,6,3,6,0,53.46,576.206244768,False
C=CC#N,270.0,0.021356164150974792,0.6616233214585028,Cs,75.0,25.0,0.0,0.6959799999999999,4,3,0,1,0,1,0,23.79,53.026549096,False
N#CCC[N+]1=CN(CCCCCCCCC[N+]2=CN(CCC#N)C=C2)C=C1.O=S([N-]S(=O)(C(F)(F)F)=O)(C(F)(F)F)=O.O=S([N-]S(=O)(C(F)(F)F)=O)(C(F)(F)F)=O,112.0,1.201049402972725,3.440484801107499,C1,43.859649122807014,14.035087719298245,14.035087719298245,5.241460000000006,57,56,2,32,18,16,0,229.95999999999992,928.1034326240001,False
N#CCC[N+]1=CN(CCCCCC[N+]2=CN(CCC#N)C=C2)C=C1.O=S([N-]S(=O)(C(F)(F)F)=O)(C(F)(F)F)=O.O=S([N-]S(=O)(C(F)(F)F)=O)(C(F)(F)F)=O,104.0,1.204220932399002,2.839665162357288,C1,40.74074074074074,14.814814814814813,14.814814814814813,4.071160000000003,54,53,2,32,15,16,0,229.95999999999992,886.0564824320002,False
N#CCC[N+]1=CN(CC[N+]2=CN(CCC#N)C=C2)C=C1.O=S([N-]S(=O)(C(F)(C(F)(F)F)F)=O)(C(F)(C(F)(F)F)F)=O.O=S([N-]S(=O)(C(F)(C(F)(F)F)F)=O)(C(F)(C(F)(F)F)F)=O,154.0,1.29832966000148,1.7745529243316605,C1,35.483870967741936,12.903225806451612,12.903225806451612,5.051960000000005,62,61,2,40,15,16,0,229.95999999999992,1029.9811079360002,False
N#CCC[N+]1=CN(CC[N+]2=CN(CCC#N)C=C2)C=C1.O=S([N-]S(=O)(C(F)(F)F)=O)(C(F)(F)F)=O.O=S([N-]S(=O)(C(F)(F)F)=O)(C(F)(F)F)=O,131.0,1.2561264065355788,1.9500769530592774,C1,36.0,16.0,16.0,2.510760000000001,50,49,2,32,11,16,0,229.95999999999992,829.9938821760002,False
NC1=CC=CC=C1,386.2,0.24623832780556915,0.8016675428853711,C2v,85.71428571428571,14.285714285714285,0.0,1.2688000000000001,7,7,1,1,0,1,2,26.02,93.057849224,False
NC1=NC(N=CC2=CC=C(C=O)C=C2)=NC(N)=N1,289.0,0.9826761846850834,1.8237858819078039,C1,61.111111111111114,33.33333333333333,5.555555555555555,0.5990999999999999,18,19,2,7,3,7,4,120.14,242.09160894,False
O=C(C1=C(C(O[K])=O)C=CC=C1)O,300.4,0.10302038499849904,1.4399133741979067,C1,61.53846153846154,0.0,30.76923076923077,0.6251,13,13,1,5,2,4,1,63.60000000000001,203.98249032,False
O=C(C1=C2C=CC=C1)N(C3=CC=C(C#N)C=C3)N=C2C4=CC=C(C#N)C=C4,277.0,1.321296965286835,2.538456059072231,C1,81.48148148148148,14.814814814814813,3.7037037037037033,3.7960600000000024,27,30,4,5,2,5,0,82.47,348.101111004,False
O=C(CC(O)(C(O)=O)C1)O[Mg]OC1=O,236.5,1.0210646672077393,1.2373330156163038,C1,42.857142857142854,0.0,50.0,-1.7835,14,14,0,8,1,7,2,110.13,213.99639423200003,False
O=C(O[Na])C(O[Na])=O,245.0,0.0001181839842450131,1.409962267836306,C2h,25.0,0.0,50.0,-1.7602000000000002,8,7,0,6,0,4,0,52.6,133.95919704,False
O=C([O-])C1=CC=C(C2=O[Zn]3OC(C4=CC=C(C([O-])=O)C=C4)=O[Zn+](O=C(O[Zn]5)C6=CC=C(C([O-])=O)C=C6)[O+4]35[Zn]O2)C=C1,312.0,0.9787868596509932,3.7963839057960236,C1,58.536585365853654,0.0,31.70731707317073,-1.064799999999999,41,46,3,17,12,13,0,181.97999999999996,763.74326208418,False
OC1=C(/N=N/C2=CC=C([N+]([O-])=O)C=C2)C=CC(O)=C1,378.5,0.7507090413891236,2.3806288398921254,C1,63.1578947368421,15.789473684210526,21.052631578947366,3.421400000000001,19,20,2,7,3,7,2,108.32000000000001,259.059305768,False
OC1=C(C(O)=CC=C1C(O[K])=O)CC2=C(O)C=CC(C(O[K])=O)=C2O,175.2,1.308745017121187,2.1764509104705168,C1,60.0,0.0,32.0,0.5804,25,26,2,10,4,8,4,133.51999999999998,395.96498063999996,False
OC1=C(CC2=CC=CC=C2O)C=CC=C1,307.0,1.223074545303616,1.3867032825328391,C2,86.66666666666667,0.0,13.333333333333334,2.688600000000001,15,16,2,2,2,2,2,40.46,200.083729624,False
S=S=[Mo][NH2]C1=CC=CC=C1,552.0,0.7865501017845933,1.1981415045213386,C1,60.0,10.0,0.0,1.2615,10,10,1,4,1,1,2,17.1,254.907399424,False
Brc1ccc(Nc2nc(Nc3ccc(Br)s3)nc(Nc3ccc(Br)s3)n2)s1,407.0,0.024401499570716502,2.740099913324683,Cs,55.55555555555556,22.22222222222222,0.0,7.574400000000002,27,30,4,12,6,6,3,74.76,605.7600935880001,False
c1cc(-c2cc[n+](-c3nc(-[n+]4ccc(-c5ccncc5)cc4)nc(-[n+]4ccc(-c5ccncc5)cc4)n3)cc2)ccn1,196.0,1.0541997612434275,3.2467565050664016,C1,78.57142857142857,21.428571428571427,0.0,3.8877000000000024,42,48,7,9,6,9,0,88.98,546.2138210282701,False
Clc1nc(Cl)nc(-c2ccc(-c3cc(-c4ccc(-c5nc(Cl)nc(Cl)n5)cc4)cc(-c4ccc(-c5nc(Cl)nc(Cl)n5)cc4)c3)cc2)n1,228.0,0.7487330862244844,3.798152211950628,C1,68.75,18.75,0.0,10.163999999999987,48,54,7,15,6,9,0,116.01,746.95815756,False
Nc1ccc2c(c1)C(=O)c1ccc(Nc3nc(Nc4ccc5c(c4)C(=O)c4ccc(N)cc4C5=O)nc(Nc4ccc5c(c4)C(=O)c4ccc(N)cc4C5=O)n3)cc1C2=O,468.0,0.7160608876477544,4.407568274836736,C1,75.0,15.0,10.0,6.175200000000004,60,69,7,15,6,15,9,255.24,789.208429584,False
Nc1nc(N)nc(/N=C/N2CCN(/C=N/c3nc(N)nc(N)n3)CC2)n1,335.0,1.100305216388302,2.944713145188431,C1,46.15384615384615,53.84615384615385,0.0,-1.9771999999999983,26,28,2,14,4,14,8,212.62,358.1838865760001,False
Nc1cc2nc3cc4nc5c6nc7cc8nc9cc(N)c(N)cc9nc8cc7nc6c6nc7cc8nc9cc(N)c(N)cc9nc8cc7nc6c5nc4cc3nc2cc1N,663.0,0.33505487902152464,4.216949589422305,C1,70.0,30.0,0.0,5.758200000000001,60,72,13,18,0,18,12,310.7999999999999,780.2431327679999,False
Nc1cccc2c(NC=C3C(=O)C(=CNc4cccc5c(N)cccc45)C(=O)C(=CNc4cccc5c(N)cccc45)C3=O)cccc12,379.0,1.5895673650066642,3.5998354137445148,C1,81.25,12.5,6.25,6.901500000000003,48,54,6,9,6,9,9,165.35999999999999,630.2379388200002,False
Nc1ccc(-c2ccc3[nH]c(-c4cc(-c5nc6ccc(-c7ccc(N)c(N)c7)cc6[nH]5)cc(N5C(=O)c6ccc7c8c(ccc(c68)C5=O)C(=O)N(c5cc(-c6nc8cc(-c9ccc(N)c(N)c9)ccc8[nH]6)cc(-c6nc8ccc(-c9ccc(N)c(N)c9)cc8[nH]6)c5)C7=O)c4)nc3c2)cc1N,66.56,4.144043363640195,6.43497197655673,C1,78.0,18.0,4.0,13.939799999999988,100,117,16,22,10,22,20,397.64,1306.4575422079997,False
Nc1ccc(-c2ccc3[nH]c(-c4cc(-c5nc6ccc(-c7ccc(N)c(N)c7)cc6[nH]5)cc(N5C(=O)c6ccc7c8ccc9c%10c(ccc(c%11ccc(c6c7%11)C5=O)c%108)C(=O)N(c5cc(-c6nc7cc(-c8ccc(N)c(N)c8)ccc7[nH]6)cc(-c6nc7ccc(-c8ccc(N)c(N)c8)cc7[nH]6)c5)C9=O)c4)nc3c2)cc1N,5.65,3.249418539358991,7.592868112887456,C1,80.0,16.363636363636363,3.6363636363636362,16.83719999999998,110,130,19,22,10,22,20,397.64,1430.4888423359998,False
Nc1ccc(-c2ccc3nc(-c4cc(C(=O)O)cc(-n5c(=O)c6cc7c(=O)n(-c8cc(C(=O)O)cc(C(=O)O)c8)c(=O)c7cc6c5=O)c4)[nH]c3c2)cc1N,88.4,1.4989189965276397,5.121516241736471,C1,70.37037037037037,11.11111111111111,18.51851851851852,3.3601,54,61,8,16,7,16,8,270.75999999999993,722.139740904,False
Nc1ccc2c(c1)C(=O)c1ccc(NC=C3C(=O)C(=CNc4ccc5c(c4)C(=O)c4ccc(N)cc4C5=O)C(=O)C(=CNc4ccc5c(c4)C(=O)c4ccc(N)cc4C5=O)C3=O)cc1C2=O,49.0,1.3801449159241397,4.909233581493,C1,77.27272727272727,9.090909090909092,13.636363636363635,5.768100000000003,66,75,6,15,6,15,9,267.78,870.20742654,False
Nc1ccc(NC=C2C(=O)C(=CNc3ccc(N)cc3)C(=O)C(=CNc3ccc(N)cc3)C2=O)cc1,95.0,1.3043213369625903,3.0630055911057625,C1,75.0,16.666666666666664,8.333333333333332,3.4419000000000013,36,39,3,9,6,9,9,165.35999999999999,480.190988628,False
Nc1cc2sc(-c3c(O)c(-c4nc5cc(S)c(N)cc5s4)c(O)c(-c4nc5cc(S)c(N)cc5s4)c3O)nc2cc1S,724.0,0.31866042250067317,3.051608098613894,C1,64.28571428571429,14.285714285714285,7.142857142857142,7.246200000000004,42,48,7,15,3,9,9,177.42000000000002,665.9764644360001,False
Nc1cc2sc(-c3cc(-c4nc5cc(S)c(N)cc5s4)cc(-c4nc5cc(S)c(N)cc5s4)c3)nc2cc1S,166.0,0.3298462587811525,3.3422100238182537,C1,69.23076923076923,15.384615384615385,0.0,8.129400000000002,39,45,7,12,3,6,6,116.72999999999999,617.991720576,False
O=c1c(=O)c(=O)c2nc3cc4nc5c(=O)c(=O)c(=O)c(=O)c5nc4cc3nc2c1=O,224.0,7.413666643913558e-05,2.779239341972308,D2h,60.0,13.333333333333334,26.666666666666668,-3.4878,30,34,5,12,0,12,0,188.11999999999995,401.987263024,False
O=C1c2nc3c(=O)c(=O)c(=O)c(=O)c3nc2C(=O)c2nc3c(=O)c(=O)c(=O)c(=O)c3nc21,585.0,9.630914533284934e-05,2.80238447398097,D2h,56.25,12.5,31.25,-5.0188000000000015,32,36,4,14,0,14,0,222.25999999999993,431.96144219999996,False
O=c1oc(=O)c2cc3c(=O)n(-c4ccc(-c5nc(-c6ccc(-n7c(=O)c8cc9c(=O)oc(=O)c9cc8c7=O)cc6)nc(-c6ccc(-n7c(=O)c8cc9c(=O)oc(=O)c9cc8c7=O)cc6)n5)cc4)c(=O)c3cc12,423.0,0.9244955243182036,4.837063520160543,C1,70.83333333333334,8.333333333333332,20.833333333333336,1.8920999999999994,72,84,13,21,6,21,0,297.7199999999999,954.083013876,False
O=C1OC(=O)c2ccc3c4c(ccc1c24)C(=O)N(c1ccc(-c2nc(-c4ccc(N5C(=O)c6ccc7c8c(ccc(c68)C5=O)C(=O)OC7=O)cc4)nc(-c4ccc(N5C(=O)c6ccc7c8c(ccc(c68)C5=O)C(=O)OC7=O)cc4)n2)cc1)C3=O,388.0,1.2748489205705402,5.114882229143773,C1,75.0,7.142857142857142,17.857142857142858,8.665800000000003,84,99,10,21,6,21,0,280.91999999999996,1104.1299640680002,False
O=Cc1cc(C=O)c(O)c(/C=N\c2ccc(-c3nc(-c4ccc(/N=C\c5cc(C=O)cc(C=O)c5O)nc4)nc(-c4ccc(/N=C/c5cc(C=O)cc(C=O)c5O)nc4)n3)cn2)c1,546.0,1.665863584378928,4.347618519975099,C1,71.42857142857143,14.285714285714285,14.285714285714285,6.30120000000001,63,69,7,18,15,18,3,277.53,837.193173444,False
O=Cc1ccc(-c2nc(-c3ccc(C=O)cc3)nc(-c3ccc(/C=N/c4cc(O)c(/N=C/c5ccc(-c6nc(-c7ccc(C=O)cc7)nc(-c7ccc(C=O)cc7)n6)cc5)cc4O)cc3)n2)cc1,256.0,1.5315399614417802,6.1818693565873355,C1,79.41176470588235,11.76470588235294,8.823529411764707,10.220999999999991,68,76,9,14,14,14,2,210.8,890.2601308080001,False
O=Cc1cc(/C=N/c2ccc(-c3nc(-c4ccc(/N=C/c5cc(C=O)c(O)c(C=O)c5O)nc4)nc(-c4ccc(/N=C/c5cc(C=O)c(O)c(C=O)c5O)nc4)n3)cn2)c(O)c(C=O)c1O,310.0,1.1723437625191588,4.772109081763019,C1,68.18181818181817,13.636363636363635,18.181818181818183,5.41800000000001,66,72,7,21,15,21,6,338.21999999999997,885.1779173040001,False
O=Cc1c(O)c(C=O)c(O)c(/C=N/c2ccc(-c3nc(-c4ccc(/N=C/c5c(O)c(C=O)c(O)c(C=O)c5O)nc4)nc(-c4ccc(/N=C/c5c(O)c(C=O)c(O)c(C=O)c5O)nc4)n3)cn2)c1O,400.0,1.3055477108020965,4.631694798377473,C1,65.21739130434783,13.043478260869565,21.73913043478261,4.53480000000001,69,75,7,24,15,24,9,398.90999999999997,933.1626611639999,False
