zwiazek,smiles_old,masa_molowa,liczba_pierscieni,srednia_liczba_N_w_pierscieniu,liczba_substratu_w_porze,energia Gibbsa,odleglosc_miedzy_najdalszymi_grupami,kondensacja,piroliza,temperatura,N_perc_triaz,wielkosc_pora teoretyczna,BET,objetosc,objetosc_mikroporow,pojemnosc_3_H2SO4_CV,pojemnosc_3_H2SO4_GCD,pojemnosc_3_NaOH_CV,pojemnosc_3_NaOH_GCD,,smiles
2CNPP,CC(C)C(C=C1)=CC=C1N2C(C=C(C3=CC=C(C#N)C=C3)N4C5=CC=C(C(C)C)C=C5)=C4C=C2C6=CC=C(C#N)C=C6,544.7,6,4,6,,1.9,0,1,500,1.6,3.6,1371,1.12,0.508,116,187,,,,CC(C)c%19ccc(n2c(c1ccc(C#N)cc1)cc%17c2cc(c%16ccc(c%15nc(c8ccc(c6cc4c(cc(c3ccc(C#N)cc3)n4c5ccc(C(C)C)cc5)n6c7ccc(C(C)C)cc7)cc8)nc(c%14ccc(c%12cc%10c(cc(c9ccc(C#N)cc9)n%10c%11ccc(C(C)C)cc%11)n%12c%13ccc(C(C)C)cc%13)cc%14)n%15)cc%16)n%17c%18ccc(C(C)C)cc%18)cc%19
2CNPP,CC(C)C(C=C1)=CC=C1N2C(C=C(C3=CC=C(C#N)C=C3)N4C5=CC=C(C(C)C)C=C5)=C4C=C2C6=CC=C(C#N)C=C6,544.7,6,4,6,,1.9,0,1,600,4.3,3.6,1527,0.89,0.612,151,197,,,,CC(C)c%19ccc(n2c(c1ccc(C#N)cc1)cc%17c2cc(c%16ccc(c%15nc(c8ccc(c6cc4c(cc(c3ccc(C#N)cc3)n4c5ccc(C(C)C)cc5)n6c7ccc(C(C)C)cc7)cc8)nc(c%14ccc(c%12cc%10c(cc(c9ccc(C#N)cc9)n%10c%11ccc(C(C)C)cc%11)n%12c%13ccc(C(C)C)cc%13)cc%14)n%15)cc%16)n%17c%18ccc(C(C)C)cc%18)cc%19
2CNPP,CC(C)C(C=C1)=CC=C1N2C(C=C(C3=CC=C(C#N)C=C3)N4C5=CC=C(C(C)C)C=C5)=C4C=C2C6=CC=C(C#N)C=C6,544.7,6,4,6,,1.9,0,1,700,6.4,3.6,1052,1.32,0.318,184,255,,,,CC(C)c%19ccc(n2c(c1ccc(C#N)cc1)cc%17c2cc(c%16ccc(c%15nc(c8ccc(c6cc4c(cc(c3ccc(C#N)cc3)n4c5ccc(C(C)C)cc5)n6c7ccc(C(C)C)cc7)cc8)nc(c%14ccc(c%12cc%10c(cc(c9ccc(C#N)cc9)n%10c%11ccc(C(C)C)cc%11)n%12c%13ccc(C(C)C)cc%13)cc%14)n%15)cc%16)n%17c%18ccc(C(C)C)cc%18)cc%19
2CN-1 (terephtalonitrile),N#CC1=CC=C(C#N)C=C1,128.1,1,2,6,386,0.7,0,1,700,6.6,1.3,1612,1.1,0.551,204,200,,,,N#Cc4ccc(c3nc(c1ccc(C#N)cc1)nc(c2ccc(C#N)cc2)n3)cc4
4CN-1,N#C/C(C#N)=C(C=C/1)/C=CC1=C(C#N)/C#N,204.2,1,4,3,745,0.9,0,1,700,7.5,0.9,2260,1.71,0.621,294,303,,,,N#CC(C#N)=c4ccc(=C(C#N)c3nc(C(C#N)=c1ccc(=C(C#N)C#N)cc1)nc(C(C#N)=c2ccc(=C(C#N)C#N)cc2)n3)cc4
2CN-2,CC1=CC2=C(C=C1)N=C(N3C(C4=CC=C(C#N)C=C4)=CC5=C3C=C(C6=CC=C(C#N)C=C6)N5C7=NC(C=CC(C)=C8)=C8S7)S2,602.7,8,6,6,,1.9,0,1,700,5.4,3.6,1835,0.82,0.819,250,269,,,,Cc%25ccc%24nc(n2c(c1ccc(C#N)cc1)cc%21c2cc(c%20ccc(c%19nc(c%10ccc(c7cc4c(cc(c3ccc(C#N)cc3)n4c6nc5ccc(C)cc5s6)n7c9nc8ccc(C)cc8s9)cc%10)nc(c%18ccc(c%15cc%12c(cc(c%11ccc(C#N)cc%11)n%12c%14nc%13ccc(C)cc%13s%14)n%15c%17nc%16ccc(C)cc%16s%17)cc%18)n%19)cc%20)n%21c%23nc%22ccc(C)cc%22s%23)sc%24c%25
4CN-2,N#CC(C=C1)=CC=C1C2=CC3=C(C=C(C4=CC=C(C#N)C=C4)N3C5=CC=C(C#N)C=C5)N2C6=CC=C(C#N)C=C6,510.6,6,6,6,,1.9,0,1,700,6.5,3.6,1962,1.36,0.632,255,291,,,,N#Cc%19ccc(c%17cc%15c(cc(c%14ccc(c%13nc(c6ccc(c4cc2c(cc(c1ccc(C#N)cc1)n2c3ccc(C#N)cc3)n4c5ccc(C#N)cc5)cc6)nc(c%12ccc(c%10cc8c(cc(c7ccc(C#N)cc7)n8c9ccc(C#N)cc9)n%10c%11ccc(C#N)cc%11)cc%12)n%13)cc%14)n%15c%16ccc(C#N)cc%16)n%17c%18ccc(C#N)cc%18)cc%19
"1,3,5-triphenylbenzene, cyanuric chloride",ClC1=NC(C(C=C2)=CC=C2C3=CC(C4=CC=CC=C4)=CC(C5=CC=CC=C5)=C3)=NC(Cl)=N1,454.4,5,3,6,898,1.7,1,0,800,,3.2,711,0.23,0.231,,,,112,,ClC1=NC(C2=CC=C(C3=CC(C4=CC=C(C5=NC(Cl)=NC(Cl)=N5)C=C4)=CC(C6=CC=C(C7=NC(Cl)=NC(Cl)=N7)C=C6)=C3)C=C2)=NC(Cl)=N1
"1,4-dicyanobenzene",N#CC1=CC=C(C#N)C=C1,128.1,1,2,6,386,0.7,0,1,700,8.2,1.3,2581,,,171,,,,,N#Cc4ccc(c3nc(c1ccc(C#N)cc1)nc(c2ccc(C#N)cc2)n3)cc4
terephtalonitrile (dicyanobenzene),N#CC1=CC=C(C#N)C=C1,128.1,1,2,6,386,0.7,0,1,400,12.44,1.3,1175,0.66,,,248,,,,N#Cc4ccc(c3nc(c1ccc(C#N)cc1)nc(c2ccc(C#N)cc2)n3)cc4
terephtalonitrile (dicyanobenzene),N#CC1=CC=C(C#N)C=C1,128.1,1,2,6,386,0.7,0,1,450,11.06,1.3,1565,0.97,,,276,,,,N#Cc4ccc(c3nc(c1ccc(C#N)cc1)nc(c2ccc(C#N)cc2)n3)cc4
terephtalonitrile (dicyanobenzene),N#CC1=CC=C(C#N)C=C1,128.1,1,2,6,386,0.7,0,1,500,10.74,1.3,1681,1.1,,,285,,,,N#Cc4ccc(c3nc(c1ccc(C#N)cc1)nc(c2ccc(C#N)cc2)n3)cc4
terephtalonitrile (dicyanobenzene),N#CC1=CC=C(C#N)C=C1,128.1,1,2,6,386,0.7,0,1,550,9.26,1.3,1724,1.35,,,298,,,,N#Cc4ccc(c3nc(c1ccc(C#N)cc1)nc(c2ccc(C#N)cc2)n3)cc4
terephtalonitrile (dicyanobenzene),N#CC1=CC=C(C#N)C=C1,128.1,1,2,6,386,0.7,0,1,600,9.01,1.3,2197,2.05,,,263,,,,N#Cc4ccc(c3nc(c1ccc(C#N)cc1)nc(c2ccc(C#N)cc2)n3)cc4
terephtalonitrile (dicyanobenzene),N#CC1=CC=C(C#N)C=C1,128.1,1,2,6,386,0.7,0,1,650,7.77,1.3,2098,1.85,,,273,,,,N#Cc4ccc(c3nc(c1ccc(C#N)cc1)nc(c2ccc(C#N)cc2)n3)cc4
terephtalonitrile (dicyanobenzene),N#CC1=CC=C(C#N)C=C1,128.1,1,2,6,386,0.7,0,1,700,5.75,1.3,2237,2.26,,,243,,,,N#Cc4ccc(c3nc(c1ccc(C#N)cc1)nc(c2ccc(C#N)cc2)n3)cc4
" 4' -(1,3,5,7-tetraoxo-5,7-dihydropyrrolo[3,4-f]isoindole-
2,6(1H, 3H)-diyl)dibenzonitrile (TIDN)",O=C(N1C2=CC=C(C#N)C=C2)C3=CC4=C(C(N(C(C=C5)=CC=C5C#N)C4=O)=O)C=C3C1=O,418.4,5,4,6,925,2,0,1,550,,3.9,1283,0.68,,210,,,,,N#Cc%16ccc(n%15c(=O)c%14cc%13c(=O)n(c%12ccc(c%11nc(c5ccc(n4c(=O)c3cc2c(=O)n(c1ccc(C#N)cc1)c(=O)c2cc3c4=O)cc5)nc(c%10ccc(n9c(=O)c8cc7c(=O)n(c6ccc(C#N)cc6)c(=O)c7cc8c9=O)cc%10)n%11)cc%12)c(=O)c%13cc%14c%15=O)cc%16
" 4' -(1,3,5,7-tetraoxo-5,7-dihydropyrrolo[3,4-f]isoindole-
2,6(1H, 3H)-diyl)dibenzonitrile (TIDN)",O=C(N1C2=CC=C(C#N)C=C2)C3=CC4=C(C(N(C(C=C5)=CC=C5C#N)C4=O)=O)C=C3C1=O,418.4,5,4,6,925,2,0,1,600,,3.9,,,,231,,,,,N#Cc%16ccc(n%15c(=O)c%14cc%13c(=O)n(c%12ccc(c%11nc(c5ccc(n4c(=O)c3cc2c(=O)n(c1ccc(C#N)cc1)c(=O)c2cc3c4=O)cc5)nc(c%10ccc(n9c(=O)c8cc7c(=O)n(c6ccc(C#N)cc6)c(=O)c7cc8c9=O)cc%10)n%11)cc%12)c(=O)c%13cc%14c%15=O)cc%16
" 4' -(1,3,5,7-tetraoxo-5,7-dihydropyrrolo[3,4-f]isoindole-
2,6(1H, 3H)-diyl)dibenzonitrile (TIDN)",O=C(N1C2=CC=C(C#N)C=C2)C3=CC4=C(C(N(C(C=C5)=CC=C5C#N)C4=O)=O)C=C3C1=O,418.4,5,4,6,925,2,0,1,650,,3.9,,,,202,,,,,N#Cc%16ccc(n%15c(=O)c%14cc%13c(=O)n(c%12ccc(c%11nc(c5ccc(n4c(=O)c3cc2c(=O)n(c1ccc(C#N)cc1)c(=O)c2cc3c4=O)cc5)nc(c%10ccc(n9c(=O)c8cc7c(=O)n(c6ccc(C#N)cc6)c(=O)c7cc8c9=O)cc%10)n%11)cc%12)c(=O)c%13cc%14c%15=O)cc%16
" 4' -(1,3,5,7-tetraoxo-5,7-dihydropyrrolo[3,4-f]isoindole-
2,6(1H, 3H)-diyl)dibenzonitrile (TIDN)",O=C(N1C2=CC=C(C#N)C=C2)C3=CC4=C(C(N(C(C=C5)=CC=C5C#N)C4=O)=O)C=C3C1=O,418.4,5,4,6,925,2,0,1,700,,3.9,1527,0.89,,198,,,,,N#Cc%16ccc(n%15c(=O)c%14cc%13c(=O)n(c%12ccc(c%11nc(c5ccc(n4c(=O)c3cc2c(=O)n(c1ccc(C#N)cc1)c(=O)c2cc3c4=O)cc5)nc(c%10ccc(n9c(=O)c8cc7c(=O)n(c6ccc(C#N)cc6)c(=O)c7cc8c9=O)cc%10)n%11)cc%12)c(=O)c%13cc%14c%15=O)cc%16
"3,5-dicyanopyridine",N#CC1=CC(C#N)=CN=C1,129.1,1,3,3,454,0.6,0,1,400,28,0.6,680,0.3,0.26,,,,,,N#Cc4cncc(c3nc(c1cncc(C#N)c1)nc(c2cncc(C#N)c2)n3)c4
"3,5-dicyanopyridine",N#CC1=CC(C#N)=CN=C1,129.1,1,3,3,454,0.6,0,1,500,23.5,0.6,1120,0.5,0.45,,,,,,N#Cc4cncc(c3nc(c1cncc(C#N)c1)nc(c2cncc(C#N)c2)n3)c4
"3,5-dicyanopyridine",N#CC1=CC(C#N)=CN=C1,129.1,1,3,3,454,0.6,0,1,600,15.8,0.6,1940,0.93,0.8,,,,,,N#Cc4cncc(c3nc(c1cncc(C#N)c1)nc(c2cncc(C#N)c2)n3)c4
"3,5-dicyanopyridine",N#CC1=CC(C#N)=CN=C1,129.1,1,3,3,454,0.6,0,1,700,12.7,0.6,3120,1.66,1.08,,,,,,N#Cc4cncc(c3nc(c1cncc(C#N)c1)nc(c2cncc(C#N)c2)n3)c4
"cyanuric chloride, 2,6-diaminanthraquinone",ClC1=NC(Cl)=NC(NC2=CC3=C(C(C(C=C(N)C=C4)=C4C3=O)=O)C=C2)=N1,386.2,4,5,6,570,1.5,1,0,,,2.9,,,,,,,,,NC1=CC(C(C(C=C2)=C3C=C2NC4=NC(NC5=CC6=C(C=C5)C(C7=C(C6=O)C=CC(N)=C7)=O)=NC(NC8=CC9=C(C=C8)C(C%10=C(C9=O)C=CC(N)=C%10)=O)=N4)=O)=C(C3=O)C=C1
"cyanuric chloride, 4,4’-bipyridine",ClC1=NC([N+](C=C2)=CC=C2C3=CC=NC=C3)=NC(Cl)=N1,305.1,3,5,6,,1.2,1,0,900,5.4,2.4,684,0.52,0.3,,,,196,,C1([N+]2=CC=C(C3=CC=NC=C3)C=C2)=NC([N+]4=CC=C(C5=CC=NC=C5)C=C4)=NC([N+]6=CC=C(C7=CC=NC=C7)C=C6)=N1
fumaronitrile,N#C/C=C/C#N,78.1,0,2,6,329,0.5,0,1,500,34.2,1,460,0.28,,,,,79,,N#C/C=C/c1nc(/C=C/C#N)nc(/C=C/C#N)n1
fumaronitrile,N#C/C=C/C#N,78.1,0,2,6,329,0.5,0,1,600,25.8,1,443,0.41,,,,,187,,N#C/C=C/c1nc(/C=C/C#N)nc(/C=C/C#N)n1
fumaronitrile,N#C/C=C/C#N,78.1,0,2,6,329,0.5,0,1,700,20.9,1,1293,0.71,,,,,404,,N#C/C=C/c1nc(/C=C/C#N)nc(/C=C/C#N)n1
fumaronitrile,N#C/C=C/C#N,78.1,0,2,6,329,0.5,0,1,800,16.5,1,1234,0.72,,,,,143,,N#C/C=C/c1nc(/C=C/C#N)nc(/C=C/C#N)n1
fumaronitrile,N#C/C=C/C#N,78.1,0,2,6,329,0.5,0,1,900,14,1,1268,0.71,,,,,220,,N#C/C=C/c1nc(/C=C/C#N)nc(/C=C/C#N)n1
"2,4,6-tris(4-formylphenyl)triazine 2,5-diaminohydroquinone",NC1=C(O)C=C(N=CC(C=C2)=CC=C2C3=NC(C4=CC=C(C=O)C=C4)=NC(C5=CC=C(C=O)C=C5)=N3)C(O)=C1,515.5,5,5,6,,1.8,1,0,180,14.8,3.4,1855,0.7,,,,,256,,NC1=C(C=C(/N=C/C2=CC=C(C3=NC(C4=CC=C(C=C4)/C=N\C(C(O)=C5)=CC(O)=C5N)=NC(C6=CC=C(C=C6)C=NC7=C(C=C(N)C(O)=C7)O)=N3)C=C2)C(O)=C1)O
PYPZ,O=C(N(N1)C2=CC=C(C#N)C=C2)C3=C(C1=O)C=C(C4=O)C(C(N(N4)C5=CC=C(C#N)C=C5)=O)=C3,448.4,4,3,6,789,2,1,0,550,8.1,3.8,981,0.65,,,241,,,,N#Cc%16ccc(n%15[nH]c(=O)c%14cc%13c(=O)[nH]n(c%12ccc(c%11nc(c5ccc(n4[nH]c(=O)c3cc2c(=O)[nH]n(c1ccc(C#N)cc1)c(=O)c2cc3c4=O)cc5)nc(c%10ccc(n9[nH]c(=O)c8cc7c(=O)[nH]n(c6ccc(C#N)cc6)c(=O)c7cc8c9=O)cc%10)n%11)cc%12)c(=O)c%13cc%14c%15=O)cc%16
PYPZ,O=C(N(N1)C2=CC=C(C#N)C=C2)C3=C(C1=O)C=C(C4=O)C(C(N(N4)C5=CC=C(C#N)C=C5)=O)=C3,448.4,4,3,6,789,2,1,0,600,6.48,3.8,994,0.71,,,256,,,,N#Cc%16ccc(n%15[nH]c(=O)c%14cc%13c(=O)[nH]n(c%12ccc(c%11nc(c5ccc(n4[nH]c(=O)c3cc2c(=O)[nH]n(c1ccc(C#N)cc1)c(=O)c2cc3c4=O)cc5)nc(c%10ccc(n9[nH]c(=O)c8cc7c(=O)[nH]n(c6ccc(C#N)cc6)c(=O)c7cc8c9=O)cc%10)n%11)cc%12)c(=O)c%13cc%14c%15=O)cc%16
PYPZ,O=C(N(N1)C2=CC=C(C#N)C=C2)C3=C(C1=O)C=C(C4=O)C(C(N(N4)C5=CC=C(C#N)C=C5)=O)=C3,448.4,4,3,6,789,2,1,0,650,5.54,3.8,1242,0.73,,,212,,,,N#Cc%16ccc(n%15[nH]c(=O)c%14cc%13c(=O)[nH]n(c%12ccc(c%11nc(c5ccc(n4[nH]c(=O)c3cc2c(=O)[nH]n(c1ccc(C#N)cc1)c(=O)c2cc3c4=O)cc5)nc(c%10ccc(n9[nH]c(=O)c8cc7c(=O)[nH]n(c6ccc(C#N)cc6)c(=O)c7cc8c9=O)cc%10)n%11)cc%12)c(=O)c%13cc%14c%15=O)cc%16
PYPZ,O=C(N(N1)C2=CC=C(C#N)C=C2)C3=C(C1=O)C=C(C4=O)C(C(N(N4)C5=CC=C(C#N)C=C5)=O)=C3,448.4,4,3,6,789,2,1,0,700,3.46,3.8,1464,0.93,,,142,,,,N#Cc%16ccc(n%15[nH]c(=O)c%14cc%13c(=O)[nH]n(c%12ccc(c%11nc(c5ccc(n4[nH]c(=O)c3cc2c(=O)[nH]n(c1ccc(C#N)cc1)c(=O)c2cc3c4=O)cc5)nc(c%10ccc(n9[nH]c(=O)c8cc7c(=O)[nH]n(c6ccc(C#N)cc6)c(=O)c7cc8c9=O)cc%10)n%11)cc%12)c(=O)c%13cc%14c%15=O)cc%16
"triphenylbenzene, cyanuric chloride",ClC1=NC(C(C=C2)=CC=C2C3=CC(C4=CC=CC=C4)=CC(C5=CC=CC=C5)=C3)=NC(Cl)=N1,454.4,5,3,6,898,1.7,1,0,600,2.73,3.2,856,0.35,,,,,117,,ClC1=NC(C2=CC=C(C3=CC(C4=CC=C(C5=NC(Cl)=NC(Cl)=N5)C=C4)=CC(C6=CC=C(C7=NC(Cl)=NC(Cl)=N7)C=C6)=C3)C=C2)=NC(Cl)=N1
"triphenylbenzene, cyanuric chloride",ClC1=NC(C(C=C2)=CC=C2C3=CC(C4=CC=CC=C4)=CC(C5=CC=CC=C5)=C3)=NC(Cl)=N1,454.4,5,3,6,898,1.7,1,0,700,2.44,3.2,931,0.37,,,,,168,,ClC1=NC(C2=CC=C(C3=CC(C4=CC=C(C5=NC(Cl)=NC(Cl)=N5)C=C4)=CC(C6=CC=C(C7=NC(Cl)=NC(Cl)=N7)C=C6)=C3)C=C2)=NC(Cl)=N1
"triphenylbenzene, cyanuric chloride",ClC1=NC(C(C=C2)=CC=C2C3=CC(C4=CC=CC=C4)=CC(C5=CC=CC=C5)=C3)=NC(Cl)=N1,454.4,5,3,6,898,1.7,1,0,800,2.02,3.2,1040,0.42,,,,,228,,ClC1=NC(C2=CC=C(C3=CC(C4=CC=C(C5=NC(Cl)=NC(Cl)=N5)C=C4)=CC(C6=CC=C(C7=NC(Cl)=NC(Cl)=N7)C=C6)=C3)C=C2)=NC(Cl)=N1
"triphenylbenzene, cyanuric chloride",ClC1=NC(C(C=C2)=CC=C2C3=CC(C4=CC=CC=C4)=CC(C5=CC=CC=C5)=C3)=NC(Cl)=N1,454.4,5,3,6,898,1.7,1,0,900,1.81,3.2,988,0.39,,,,,217,,ClC1=NC(C2=CC=C(C3=CC(C4=CC=C(C5=NC(Cl)=NC(Cl)=N5)C=C4)=CC(C6=CC=C(C7=NC(Cl)=NC(Cl)=N7)C=C6)=C3)C=C2)=NC(Cl)=N1
terephtalonitrile,N#CC1=CC=C(C#N)C=C1,128.1,1,2,6,386,0.7,0,1,600,11.8,1.2,1558,0.98,,,,,220,,N#Cc4ccc(c3nc(c1ccc(C#N)cc1)nc(c2ccc(C#N)cc2)n3)cc4
"[1,1’-biphenyl]-4,4’-dicarbonitrile",N#CC1=CC=C(C2=CC=C(C#N)C=C2)C=C1,204.2,2,2,6,539,1.1,0,1,600,4.7,2,1451,1.62,,,,,280,,N#Cc7ccc(c6ccc(c5nc(c2ccc(c1ccc(C#N)cc1)cc2)nc(c4ccc(c3ccc(C#N)cc3)cc4)n5)cc6)cc7
"[2,2’-bipyridine]-5,5’-dicarbonitrile",N#CC1=CC=C(C2=CC=C(C#N)C=N2)N=C1,206.2,2,4,6,676,1.1,0,1,600,11.3,2,2278,1.49,,,,,393,,N#Cc7ccc(c6ccc(c5nc(c2ccc(c1ccc(C#N)cn1)nc2)nc(c4ccc(c3ccc(C#N)cn3)nc4)n5)cn6)nc7
"pyridine-2,6-dicarbonitrile",N#CC1=CC=CC(C#N)=N1,129.1,1,3,3,454,0.6,0,1,600,13,0.6,2230,1.49,,,,,324,,N#Cc4cccc(c3nc(c1cccc(C#N)n1)nc(c2cccc(C#N)n2)n3)n4
"2,3,5,6-tetrafluoroterepthalonitrile",FC1=C(F)C(C#N)=C(F)C(F)=C1C#N,200.1,1,2,6,-432,0.7,0,1,600,15.5,1.3,1435,0.49,0.23,,,,,,N#Cc4c(F)c(F)c(c3nc(c1c(F)c(F)c(C#N)c(F)c1F)nc(c2c(F)c(F)c(C#N)c(F)c2F)n3)c(F)c4F
"2,3,5,6-tetrafluoroterepthalonitrile",FC1=C(F)C(C#N)=C(F)C(F)=C1C#N,200.1,1,2,6,-432,0.7,0,1,700,12.1,1.3,1849,1,0.6,115,,,326,,N#Cc4c(F)c(F)c(c3nc(c1c(F)c(F)c(C#N)c(F)c1F)nc(c2c(F)c(F)c(C#N)c(F)c2F)n3)c(F)c4F
"2,3,5,6-tetrafluoroterepthalonitrile",FC1=C(F)C(C#N)=C(F)C(F)=C1C#N,200.1,1,2,6,-432,0.7,0,1,800,4.4,1.3,1122,1.12,0.38,,,,,,N#Cc4c(F)c(F)c(c3nc(c1c(F)c(F)c(C#N)c(F)c1F)nc(c2c(F)c(F)c(C#N)c(F)c2F)n3)c(F)c4F
"1,4-piperazinedicarboxaldehyde, melamine",NC1=NC(N=CN(CC2)CCN2C=O)=NC(N)=N1,250.3,2,8,6,,1.2,1,0,180,47.9,2.3,748,1.21,,,,,335,,O=CN1CCN(C=NC2=NC(/N=C/N3CCN(C=O)CC3)=NC(/N=C/N4CCN(CC4)C=O)=N2)CC1
"2,3,5,6-tetrafluoroterephtalonitrile",FC1=C(F)C(C#N)=C(F)C(F)=C1C#N,200.1,1,2,6,-432,0.7,0,1,400,19.9,1.3,1345,,,,379,,,,N#Cc4c(F)c(F)c(c3nc(c1c(F)c(F)c(C#N)c(F)c1F)nc(c2c(F)c(F)c(C#N)c(F)c2F)n3)c(F)c4F
tetracyanoquinodimethane,N#C/C(C#N)=C(C=C/1)/C=CC1=C(C#N)/C#N,204.2,1,4,6,745,0.9,0,1,800,8.13,0.9,3660,1.83,,,,,383,,N#CC(C#N)=c4ccc(=C(C#N)c3nc(C(C#N)=c1ccc(=C(C#N)C#N)cc1)nc(C(C#N)=c2ccc(=C(C#N)C#N)cc2)n3)cc4
"2,4,6-tris(4-aminophenyl)-1,3,5-triazine, dianhydrate TPI-P",NC(C=C1)=CC=C1C2=NC(C3=CC=C(N(C4=O)C(C5=C4C=C(C(OC6=O)=O)C6=C5)=O)C=C3)=NC(C7=CC=C(N)C=C7)=N2,554.5,7,6,6,653,2.2,1,0,600,7.1,4.2,1651,0.77,0.6,,,,,,O=C1N(C(C2=C1C=C(C3=C2)C(OC3=O)=O)=O)C(C=C4)=CC=C4C5=NC(C6=CC=C(N(C(C7=C8C=C(C9=C7)C(OC9=O)=O)=O)C8=O)C=C6)=NC(C%10=CC=C(N(C(C%11=C%12C=C(C%13=C%11)C(OC%13=O)=O)=O)C%12=O)C=C%10)=N5
"2,4,6-tris(4-aminophenyl)-1,3,5-triazine, dianhydrate TPI-P",NC(C=C1)=CC=C1C2=NC(C3=CC=C(N(C4=O)C(C5=C4C=C(C(OC6=O)=O)C6=C5)=O)C=C3)=NC(C7=CC=C(N)C=C7)=N2,554.5,7,6,6,653,2.2,1,0,700,6.3,4.2,1650,0.77,0.67,,423,,,,O=C1N(C(C2=C1C=C(C3=C2)C(OC3=O)=O)=O)C(C=C4)=CC=C4C5=NC(C6=CC=C(N(C(C7=C8C=C(C9=C7)C(OC9=O)=O)=O)C8=O)C=C6)=NC(C%10=CC=C(N(C(C%11=C%12C=C(C%13=C%11)C(OC%13=O)=O)=O)C%12=O)C=C%10)=N5
"2,4,6-tris(4-aminophenyl)-1,3,5-triazine, dianhydrate TPI-N",NC(C=C1)=CC=C1C2=NC(C3=CC=C(N(C4=O)C(C5=CC=C6C7=C5C4=CC=C7C(OC6=O)=O)=O)C=C3)=NC(C8=CC=C(N)C=C8)=N2,604.6,8,6,6,783,2.2,1,0,600,11.4,4.2,1057,0.54,0.45,,,,,,O=C1N(C(C2=CC=C3C4=C2C1=CC=C4C(OC3=O)=O)=O)C(C=C5)=CC=C5C6=NC(C7=CC=C(N(C(C8=CC=C9C%10=C8C%11=CC=C%10C(OC9=O)=O)=O)C%11=O)C=C7)=NC(C%12=CC=C(N(C(C%13=CC=C%14C%15=C%13C%16=CC=C%15C(OC%14=O)=O)=O)C%16=O)C=C%12)=N6
"2,4,6-tris(4-aminophenyl)-1,3,5-triazine, dianhydrate TPI-N",NC(C=C1)=CC=C1C2=NC(C3=CC=C(N(C4=O)C(C5=CC=C6C7=C5C4=CC=C7C(OC6=O)=O)=O)C=C3)=NC(C8=CC=C(N)C=C8)=N2,604.6,8,6,6,783,2.2,1,0,700,3,4.2,1237,0.65,0.46,,388,,,,O=C1N(C(C2=CC=C3C4=C2C1=CC=C4C(OC3=O)=O)=O)C(C=C5)=CC=C5C6=NC(C7=CC=C(N(C(C8=CC=C9C%10=C8C%11=CC=C%10C(OC9=O)=O)=O)C%11=O)C=C7)=NC(C%12=CC=C(N(C(C%13=CC=C%14C%15=C%13C%16=CC=C%15C(OC%14=O)=O)=O)C%16=O)C=C%12)=N6
"2,6-pyridinedicarbonitrile",N#CC1=CC=CC(C#N)=N1,129.1,1,3,3,454,0.6,0,1,500,23.14,0.6,604,0.22,,,285.8,,,,N#Cc4cccc(c3nc(c1cccc(C#N)n1)nc(c2cccc(C#N)n2)n3)n4
"2,6-pyridinedicarbonitrile",N#CC1=CC=CC(C#N)=N1,129.1,1,3,3,454,0.6,0,1,600,21.09,0.6,1099,0.61,,,340.1,,,,N#Cc4cccc(c3nc(c1cccc(C#N)n1)nc(c2cccc(C#N)n2)n3)n4
"2,6-pyridinedicarbonitrile",N#CC1=CC=CC(C#N)=N1,129.1,1,3,3,454,0.6,0,1,700,12.96,0.6,2316,2.41,,,363.3,,,,N#Cc4cccc(c3nc(c1cccc(C#N)n1)nc(c2cccc(C#N)n2)n3)n4
"2,6-pyridinedicarbonitrile",N#CC1=CC=CC(C#N)=N1,129.1,1,3,3,454,0.6,0,1,800,11.82,0.6,2795,2.85,,,406,,,,N#Cc4cccc(c3nc(c1cccc(C#N)n1)nc(c2cccc(C#N)n2)n3)n4
"2,4,6-trichloro-1,3,5-triazine, 2,6-diaminanthraquinone",ClC1=NC(/N=C2=CC3=C(C(C(C=C(N)C=C4)=C4C3=O)=O)C=C\2)=NC(Cl)=N1,385.2,4,5,6,489,1.5,1,0,800,10.22,2.9,1993,,,,468,,,,NC1=CC(C(C(C=C2)=C3C=C2NC4=NC(NC5=CC6=C(C=C5)C(C7=C(C6=O)C=CC(N)=C7)=O)=NC(NC8=CC9=C(C=C8)C(C%10=C(C9=O)C=CC(N)=C%10)=O)=N4)=O)=C(C3=O)C=C1
IISERP 10,NC(N=C1)=CC=C1C2=NC(C3=CC=C(N=CC4=C(O)C(C=O)=CC(C=O)=C4)N=C3)=NC(C5=CN=C(N)C=C5)=N2,517.5,5,9,3,,2.1,1,0,120,,2,1233,,,,546,,,,NC1=CC=C(C2=NC(C3=CC=C(N=C3)/N=C/C4=C(C(/C=N/C5=CC=C(C=N5)C6=NC(C7=CN=C(C=C7)N)=NC(C8=CC=C(N=C8)N)=N6)=CC(/C=N/C9=CC=C(C=N9)C%10=NC(C%11=CN=C(C=C%11)N)=NC(C%12=CC=C(N=C%12)N)=N%10)=C4)O)=NC(C%13=CN=C(C=C%13)N)=N2)C=N1
IISERP 11,NC(N=C1)=CC=C1C2=NC(C3=CC=C(N=CC4=C(O)C(C=O)=C(O)C(C=O)=C4)N=C3)=NC(C5=CN=C(N)C=C5)=N2,533.5,5,9,3,,2.1,1,0,120,,2,921,,,,310,,,,NC1=CC=C(C2=NC(C3=CC=C(N=C3)/N=C/C4=C(C(/C=N/C5=CC=C(C=N5)C6=NC(C7=CN=C(C=C7)N)=NC(C8=CC=C(N=C8)N)=N6)=CC(/C=N/C9=CC=C(C=N9)C%10=NC(C%11=CN=C(C=C%11)N)=NC(C%12=CC=C(N=C%12)N)=N%10)=C4O)O)=NC(C%13=CN=C(C=C%13)N)=N2)C=N1
IISERP 12,NC(N=C1)=CC=C1C2=NC(C3=CC=C(N=CC4=C(O)C(C=O)=C(O)C(C=O)=C4O)N=C3)=NC(C5=CN=C(N)C=C5)=N2,549.5,5,9,3,,2.1,1,0,120,,2,1067,,,,400,,,,NC1=CC=C(C2=NC(C3=CC=C(N=C3)/N=C/C4=C(C(/C=N/C5=CC=C(C=N5)C6=NC(C7=CN=C(C=C7)N)=NC(C8=CC=C(N=C8)N)=N6)=C(O)C(/C=N/C9=CC=C(C=N9)C%10=NC(C%11=CN=C(C=C%11)N)=NC(C%12=CC=C(N=C%12)N)=N%10)=C4O)O)=NC(C%13=CN=C(C=C%13)N)=N2)C=N1
"9,10-dicyanoanthracene",N#CC1=C2C(C=CC=C2)=C(C#N)C3=CC=CC=C31,230.3,3,2,6,647,0.7,0,1,400,,1.3,406,,,,,,435,,N#Cc9c1ccccc1c(c8nc(c3c2ccccc2c(C#N)c4ccccc34)nc(c6c5ccccc5c(C#N)c7ccccc67)n8)c%10ccccc9%10
"9,10-dicyanoanthracene",N#CC1=C2C(C=CC=C2)=C(C#N)C3=CC=CC=C31,230.3,3,2,6,647,0.7,0,1,500,,1.3,751,,,,,,589,,N#Cc9c1ccccc1c(c8nc(c3c2ccccc2c(C#N)c4ccccc34)nc(c6c5ccccc5c(C#N)c7ccccc67)n8)c%10ccccc9%10
polyethynylbenzonitrile,C#CC(C=C1)=CC=C1C#N,127.1,1,1,2,484,0.8,1,1,800,5.8,,1954,0.74,0.31,,628,,,,C#Cc4ccc(c3nc(c1ccc(C#C)cc1)nc(c2ccc(C#C)cc2)n3)cc4
"1,3,6,8-tetracyanopyrene",N#CC1=C(C=CC2=C(C#N)C=C3C#N)C4=C2C3=CC=C4C(C#N)=C1,302.3,4,4,3,1019,1.1,1,0,500,,1.1,1019,1.12,,,,,500,,N#Cc%10cc(C#N)c%11ccc%13cc(c9nc(c1cc2ccc3c(C#N)cc(C#N)c4ccc(c1)c2c34)nc(c5cc(C#N)c6ccc7c(C#N)cc(C#N)c8ccc5c6c78)n9)cc%12ccc%10c%11c%12%13
