DOI,SMILES,Materials-2,Materials-note,Electrolyte,Voltage window (V),Specific surface area (m2/g),Capacitance (F/g),Pore volume (cm3/g),Pore size (nm),Micropore volume (cm3/g),SSA of micropores (m2/g),Id/Ig ,N (at. %),O (at. %),B (at. %),S (at. %),F (at. %),P (at. %)
10.1021/ja7106146,O=C([O-])C1=CC=C(C2=O[Zn]3OC(C4=CC=C(C([O-])=O)C=C4)=O[Zn+](O=C(O[Zn]5)C6=CC=C(C([O-])=O)C=C6)[O+4]35[Zn]O2)C=C1,filled with furfuryl alcohol,,h2so4,1,2872,312,2.06,,,,,,,,,,
10.1002/anie.200702721,OC1=C(CC2=CC=CC=C2O)C=CC=C1,Ni(OH)2 as template,fenol-formaldehyde resin,koh,1,970,68.4,0.69,2.85,0.3,,,,,,,,
10.1039/b819202b,CCCCCCCCCC1=C(C2=CC=C(CCCCCCCCCC)C=C2)C(C3=CC=C(C#CCCCCCCCCC)C=C3)=C(C4=CC=C(C#CCCCCCCCCC)C=C4)C(C5=CC=C(CCCCCCCCCCC)C=C5)=C1C6=CC=CC=C6,,polymer,h2so4,0.9,1140,304,,,,,,,,,,,
10.1021/jp2047618,OC1=C(CC2=CC=CC=C2O)C=CC=C1,Pluronic 123 or 127,fenol-formaldehyde resin,nacl,1.4,846.5,18.31,0.76,7.57,,,,,,,,,
10.1021/jp2047618,OC1=C(CC2=CC=CC=C2O)C=CC=C1,Pluronic 123 or 127,fenol-formaldehyde resin,nacl,1.4,602.6,5.31,0.35,3.42,,,,,,,,,
10.1021/jp2047618,OC1=C(CC2=CC=CC=C2O)C=CC=C1,Pluronic 123 or 127,fenol-formaldehyde resin,nacl,1.4,492.9,8.51,0.092,3.25,,,,,,,,,
10.1039/c3cc44175j,N#CCC[N+]1=CN(CC[N+]2=CN(CCC#N)C=C2)C=C1.O=S([N-]S(=O)(C(F)(F)F)=O)(C(F)(F)F)=O.O=S([N-]S(=O)(C(F)(F)F)=O)(C(F)(F)F)=O,,like CTF,koh,0.8,854,131,1,1.2,0.12,269,1,6.7,4.1,0,0.7,5.6,
10.1039/c3cc44175j,N#CCC[N+]1=CN(CC[N+]2=CN(CCC#N)C=C2)C=C1.O=S([N-]S(=O)(C(F)(C(F)(F)F)F)=O)(C(F)(C(F)(F)F)F)=O.O=S([N-]S(=O)(C(F)(C(F)(F)F)F)=O)(C(F)(C(F)(F)F)F)=O,,like CTF,koh,0.8,1277,154,1.28,1.2,0.34,757,,7.3,7.2,0,0.7,,
10.1039/c3cc44175j,N#CCC[N+]1=CN(CCCC[N+]2=CN(CCC#N)C=C2)C=C1.O=S([N-]S(=O)(C(F)(F)F)=O)(C(F)(F)F)=O.O=S([N-]S(=O)(C(F)(F)F)=O)(C(F)(F)F)=O,,like CTF,koh,0.8,870,,0.52,1.2,0.33,716,,6.8,4.3,0,1,1.4,
10.1039/c3cc44175j,N#CCC[N+]1=CN(CCCCCC[N+]2=CN(CCC#N)C=C2)C=C1.O=S([N-]S(=O)(C(F)(F)F)=O)(C(F)(F)F)=O.O=S([N-]S(=O)(C(F)(F)F)=O)(C(F)(F)F)=O,,like CTF,koh,0.8,643,104,0.33,1.1,0.28,601,,6.6,3.8,0,0.8,2,
10.1039/c3cc44175j,N#CCC[N+]1=CN(CCCCCCCCC[N+]2=CN(CCC#N)C=C2)C=C1.O=S([N-]S(=O)(C(F)(F)F)=O)(C(F)(F)F)=O.O=S([N-]S(=O)(C(F)(F)F)=O)(C(F)(F)F)=O,,like CTF,koh,0.8,588,112,0.34,0.75,0.24,520,,5.7,5.4,0,0.8,2.3,
10.1039/c3cc44175j,N#CCC[N+]1=CN(CC2=CC=C(C[N+]3=CN(CCC#N)C=C3)C=C2)C=C1.O=S([N-]S(=O)(C(F)(F)F)=O)(C(F)(F)F)=O.O=S([N-]S(=O)(C(F)(F)F)=O)(C(F)(F)F)=O,,like CTF,koh,0.8,706,,0.33,1.2,0.32,686,,6.5,10.5,0,2.4,1.1,
10.5796/electrochemistry.81.804,C([C@@H]1[C@@H]2[C@@H]([C@H]([C@H](O1)O[C@@H]3[C@H](O[C@@H]([C@@H]([C@H]3O)O)O[C@@H]4[C@H](O[C@@H]([C@@H]([C@H]4O)O)O[C@@H]5[C@H](O[C@@H]([C@@H]([C@H]5O)O)O[C@@H]6[C@H](O[C@@H]([C@@H]([C@H]6O)O)O[C@@H]7[C@H](O[C@H](O2)[C@@H]([C@H]7O)O)CO)CO)CO)CO)CO)O)O)O,,cyclodextrin,teabf4,2,754,38,0.4,,0.147,,,0,0.9,0,,,
10.5796/electrochemistry.81.804,C([C@@H]1[C@@H]2[C@@H]([C@H]([C@H](O1)O[C@@H]3[C@H](O[C@@H]([C@@H]([C@H]3O)O)O[C@@H]4[C@H](O[C@@H]([C@@H]([C@H]4O)O)O[C@@H]5[C@H](O[C@@H]([C@@H]([C@H]5O)O)O[C@@H]6[C@H](O[C@@H]([C@@H]([C@H]6O)O)O[C@@H]7[C@H](O[C@H](O2)[C@@H]([C@H]7O)O)CO)CO)CO)CO)CO)O)O)O,,cyclodextrin,teabf4,2,364,20,0.195,,0.047,,,0,4.2,0,,,
10.1039/c4ta03490b,OC1=C(/N=N/C2=CC=C([N+]([O-])=O)C=C2)C=CC(O)=C1,Mg(OH)2 as template,,koh,1,1427.7,378.5,5.91,0.568,0.223,510.4,,3.73,4.07,0,,,
10.1039/c4ta03490b,OC1=C(/N=N/C2=CC=C([N+]([O-])=O)C=C2)C=CC(O)=C1,Mg(OH)2 as template,,koh,1,1036.6,263.4,4.76,0.563,0.12,268.8,,1.8,4.37,0,,,
10.1021/jp501742x,C=CC#N,,,koh,1,3034.8,189,,1.17,,,3.255,5.08,11.91,0,,,
10.1021/jp501742x,C=CC#N,,,koh,1,3384.3,219,,1.17,,,4.182,5.67,11.64,0,,,
10.1021/jp501742x,C=CC#N,,,koh,1,3124.4,270,,1.17,,,2.739,2.34,3.93,0,,,
10.1021/jp501742x,C=CC#N,,,koh,1,3336.7,247,,1.17,,,3.412,0.63,3.53,0,,,
10.1039/c4ta02167c,OC1=C(CC2=CC=CC=C2O)C=CC=C1,mix with different KOH amount,fenol-formaldehyde resin,koh,1,477,80,0.23,1.96,,412,1.01,,,,,,
10.1039/c4ta02167c,OC1=C(CC2=CC=CC=C2O)C=CC=C1,mix with different KOH amount,fenol-formaldehyde resin,koh,1,1292,,0.56,1.73,,1193,,,,,,,
10.1039/c4ta02167c,OC1=C(CC2=CC=CC=C2O)C=CC=C1,mix with different KOH amount,fenol-formaldehyde resin,koh,1,1734,220,0.82,1.87,,1511,,,,,,,
10.1039/c4ta02167c,OC1=C(CC2=CC=CC=C2O)C=CC=C1,mix with different KOH amount,fenol-formaldehyde resin,koh,1,2322,,1.24,2.14,,1933,,,,,,,
10.1039/c4ta02167c,OC1=C(CC2=CC=CC=C2O)C=CC=C1,mix with different KOH amount,fenol-formaldehyde resin,koh,1,2753,307,1.54,2.23,,2131,1.12,,,,,,
10.1039/c4ta02167c,OC1=C(CC2=CC=CC=C2O)C=CC=C1,mix with different KOH amount,fenol-formaldehyde resin,koh,1,613,,0.29,1.93,,503,,,,,,,
10.1039/c4ta02167c,OC1=C(CC2=CC=CC=C2O)C=CC=C1,mix with different KOH amount,fenol-formaldehyde resin,koh,1,2086,250,1.1,2.1,,1635,,,,,,,
10.1007/s10854-013-1621-4,C([C@@H]1[C@H]([C@@H]([C@H]([C@H](O1)O[C@@H]2[C@H](O[C@H]([C@@H]([C@H]2O)O)O)CO)O)O)O)O,zeolite as template,600,koh,1,686.8,111,0.91,5.3,0.25,,,,,0,,,
10.1007/s10854-013-1621-4,C([C@@H]1[C@H]([C@@H]([C@H]([C@H](O1)O[C@@H]2[C@H](O[C@H]([C@@H]([C@H]2O)O)O)CO)O)O)O)O,zeolite as template,700,koh,1,1076.9,175,1.46,5.4,0.41,,,,,,,,
10.1007/s10854-013-1621-4,C([C@@H]1[C@H]([C@@H]([C@H]([C@H](O1)O[C@@H]2[C@H](O[C@H]([C@@H]([C@H]2O)O)O)CO)O)O)O)O,zeolite as template,800,koh,1,363,86,0.73,8.1,0.12,,,,,,,,
10.1007/s10854-013-1621-4,C([C@@H]1[C@H]([C@@H]([C@H]([C@H](O1)O[C@@H]2[C@H](O[C@H]([C@@H]([C@H]2O)O)O)CO)O)O)O)O,zeolite as template,900,koh,1,521,91,0.74,5.7,0.19,,,,,,,,
10.1039/c4ta02565b,CC1=NC=C[N-]1.CC1=NC=C[N-]1.[Zn+2]. ,silica as template,,koh,1.2,745,181,0.83,1,0.23,,,,,,,,
10.1039/c4ta02565b,CC1=NC=C[N-]1.CC1=NC=C[N-]1.[Zn+2]. ,silica as template,,koh,1.2,1026,175,1.71,3.2,0.16,,,,,,,,
10.1039/c4ta02565b,CC1=NC=C[N-]1.CC1=NC=C[N-]1.[Zn+2]. ,silica as template,,koh,1.2,721,164,1.68,17,0.15,,,,,,,,
10.1007/s10008-013-2236-7,O=C(C1=C(C(O[K])=O)C=CC=C1)O,,,koh,1,672,300.4,0.38,1.56,0.34,654,,0,10.48,0,,,
10.1007/s10008-013-2236-7,O=C(C1=C(C(O[K])=O)C=CC=C1)O,,,koh,1,1023,272.3,0.56,1.2,0.52,1006,,0,8.96,0,,,
10.1007/s10008-013-2236-7,O=C(C1=C(C(O[K])=O)C=CC=C1)O,,,koh,1,1380,243.4,0.78,1.25,0.59,1169,,0,8.17,0,,,
10.1039/c4ta01465k,NC1=CC=CC=C1,,polyaniline,koh,0.9,312,125,0.26,,0.12,,0.78,1.2,5.6,,,,
10.1039/c4ta01465k,NC1=CC=CC=C1,,,koh,0.9,1588,240.4,1.01,,0.74,,0.84,5.3,9.3,,,,
10.1039/c4ta01465k,NC1=CC=CC=C1,,,koh,0.9,2665,279.1,1.46,,1.18,,0.81,1.1,10.9,,,,
10.1039/c4ta01465k,NC1=CC=CC=C1,,,koh,0.9,2856,386.2,1.25,,1.1,,0.83,2.2,11.1,,,,
10.1039/c4ta01465k,NC1=CC=CC=C1,,,koh,0.9,3253,365.9,1.72,,1.08,,0.86,0.9,7.1,,,,
10.1039/c4ra13482f,O/C(C1=CC=CC(C(O)=O)=C1)=O/[N]2=CC=C(C3=CC=NC=C3)C=C2,,,h2so4,0.6,1230,181,,2.13,,,,,,,,,
10.1021/acscentsci.5b00149,OP(O)(OC1C(C(C(C(C1OP(O)(O)=O)OP(O)(O)=O[NH2]C2=CC=CC=C2)OP(O)(O)=O)OP(O)(O)=O)OP(O)(O)=O)=O,,,h2so4,1,19,,0.08,,,,1.055,7.92,51.46,,,,
10.1021/acscentsci.5b00149,OP(O)(OC1C(C(C(C(C1OP(O)(O)=O)OP(O)(O)=O[NH2]C2=CC=CC=C2)OP(O)(O)=O)OP(O)(O)=O)OP(O)(O)=O)=O,,,h2so4,1,18,,0.11,,,,1.049,7.43,49.71,,,,
10.1021/acscentsci.5b00149,OP(O)(OC1C(C(C(C(C1OP(O)(O)=O)OP(O)(O)=O[NH2]C2=CC=CC=C2)OP(O)(O)=O)OP(O)(O)=O)OP(O)(O)=O)=O,,,h2so4,1,62,,0.11,,,,0.983,8.28,45.72,,,,
10.1021/acscentsci.5b00149,OP(O)(OC1C(C(C(C(C1OP(O)(O)=O)OP(O)(O)=O[NH2]C2=CC=CC=C2)OP(O)(O)=O)OP(O)(O)=O)OP(O)(O)=O)=O,,,h2so4,1,48,,0.17,,,,0.918,9.11,41.89,,,,
10.1021/acscentsci.5b00149,OP(O)(OC1C(C(C(C(C1OP(O)(O)=O)OP(O)(O)=O[NH2]C2=CC=CC=C2)OP(O)(O)=O)OP(O)(O)=O)OP(O)(O)=O)=O,,,h2so4,1,148,,0.22,,,,0.894,5.65,36.35,,,,
10.1021/acscentsci.5b00149,OP(O)(OC1C(C(C(C(C1OP(O)(O)=O)OP(O)(O)=O[NH2]C2=CC=CC=C2)OP(O)(O)=O)OP(O)(O)=O)OP(O)(O)=O)=O,,,h2so4,1,423,,0.38,,,,0.914,4.09,33.91,,,,
10.1021/acscentsci.5b00149,OP(O)(OC1C(C(C(C(C1OP(O)(O)=O)OP(O)(O)=O[NH2]C2=CC=CC=C2)OP(O)(O)=O)OP(O)(O)=O)OP(O)(O)=O)=O,,hpg,h2so4,1,4073,225,2.26,,,,1.121,0.55,17.88,,,,
10.1021/acscentsci.5b00149,OP(O)(OC1C(C(C(C(C1OP(O)(O)=O)OP(O)(O)=O[NH2]C2=CC=CC=C2)OP(O)(O)=O)OP(O)(O)=O)OP(O)(O)=O)=O,,,h2so4,1,3741,,2.2,,,,0.987,1.18,20.11,,,,
10.1021/acscentsci.5b00149,OP(O)(OC1C(C(C(C(C1OP(O)(O)=O)OP(O)(O)=O[NH2]C2=CC=CC=C2)OP(O)(O)=O)OP(O)(O)=O)OP(O)(O)=O)=O,,,h2so4,1,3005,,1.93,,,,0.977,0.92,22.21,,,,
10.1021/acscentsci.5b00149,OP(O)(OC1C(C(C(C(C1OP(O)(O)=O)OP(O)(O)=O[NH2]C2=CC=CC=C2)OP(O)(O)=O)OP(O)(O)=O)OP(O)(O)=O)=O,,,h2so4,1,2619,,1.63,,,,0.941,1.6,30.03,,,,
10.1021/acscentsci.5b00149,OP(O)(OC1C(C(C(C(C1OP(O)(O)=O)OP(O)(O)=O[NH2]C2=CC=CC=C2)OP(O)(O)=O)OP(O)(O)=O)OP(O)(O)=O)=O,,,h2so4,1,1548,,0.96,,,,0.936,1.17,23.62,,,,
10.1021/acscentsci.5b00149,OP(O)(OC1C(C(C(C(C1OP(O)(O)=O)OP(O)(O)=O[NH2]C2=CC=CC=C2)OP(O)(O)=O)OP(O)(O)=O)OP(O)(O)=O)=O,,,h2so4,1,2269,,1.39,,,,0.832,2.33,17.17,,,,
10.1021/acsami.7b09801,O=C(C1=C2C=CC=C1)N(C3=CC=C(C#N)C=C3)N=C2C4=CC=C(C#N)C=C4,like CTF,600,h2so4,1,1009,277,0.52,2,,,0.96,7.18,6.57,,,,
10.1021/acsami.7b09801,O=C(C1=C2C=CC=C1)N(C3=CC=C(C#N)C=C3)N=C2C4=CC=C(C#N)C=C5,like CTF,650,h2so4,1,1245,292,0.67,2.1,,,1.02,5.72,6.05,,,,
10.1021/acsami.7b09801,O=C(C1=C2C=CC=C1)N(C3=CC=C(C#N)C=C3)N=C2C4=CC=C(C#N)C=C6,like CTF,700,h2so4,1,1638,302,0.89,2.2,,,1.45,4.36,5.29,,,,
10.1021/acs.chemmater.7b00857,C1(N2C(C=CC=C3)=C3C4=C2C=CC=C4)=NC(N5C(C=CC=C6)=C6C7=C5C=CC=C7)=NC(N8C(C=CC=C9)=C9C%10=C8C=CC=C%10)=N1,,ptct-c,koh,1,1280,550,1.82,0.71,1.64,,,6.07,,,,,
10.1021/acs.chemmater.7b00857,C1(N2C(C=CC=C3)=C3C4=C2C=CC=C4)=CC=C(N(C(C=C5)=CC=C5N6C(C=CC=C7)=C7C8=C6C=CC=C8)C(C=C9)=CC=C9N%10C(C=CC=C%11)=C%11C%12=C%10C=CC=C%12)C=C1,,ptca-c,koh,1,790,380,1.82,0.93,1.31,,,3.6,,,,,
10.1021/acs.chemmater.7b00857,C1(N2C(C=CC=C3)=C3C4=C2C=CC=C4)=CC=C(C(C=C5)=CC=C5N6C(C=CC=C7)=C7C8=C6C=CC=C8)C=C1,,pbcp-c,koh,1,910,300,2.24,0.94,1.98,,,2.99,,,,,
10.1039/c7ra07003a,C=CC#N,,,h2so4,0.8,722,175,0.493,2.73,,,,2.8,7,,,,
10.1039/c7ra07003a,C=CC#N,,,h2so4,0.8,1600,270,0.862,2.16,,,,2.6,11,,,,
10.1002/chem.201602922,NC1=NC(N=CC2=CC=C(C=O)C=C2)=NC(N)=N1,,,koh,1,1415,289,1.4,3.96,,1040,0.88,3.47,12.7,,,,
10.1002/chem.201602922,NC1=NC(N=CC2=CC=C(C=O)C=C2)=NC(N)=N1,,,koh,1,170,96,0.2,8.37,,108,0.8,,,,,,
10.1002/chem.201602922,NC1=NC(N=CC2=CC=C(C=O)C=C2)=NC(N)=N1,,,koh,1,306,137,0.31,5.5,,173,0.76,,,,,,
10.1002/chem.201602922,NC1=NC(N=CC2=CC=C(C=O)C=C2)=NC(N)=N1,,,koh,1,654,243,0.49,4.38,,293,0.67,5.89,8.63,,,,
10.1039/c6ta08868f,C=CC#N,,,emimbf4,3.5,3550,150,1.78,,,1349,,,,,,,
10.1039/c6ta08868f,C=CC#N,,,lipf6 EC/DMC,3,3550,216,1.78,,,1349,,,,,,,
10.1021/acs.iecr.5b00601,O=C(CC(O)(C(O)=O)C1)O[Mg]OC1=O,with Mg (MgO) as template,,koh,1,1634.5,204.4,3.67,1.58,,,2.72,0,,,,,
10.1021/acs.iecr.5b00601,O=C(CC(O)(C(O)=O)C1)O[Mg]OC1=O,with Mg (MgO) as template,,koh,1,1972.1,236.5,4.78,1.65,,,2.55,0,,,,,
10.1021/acs.iecr.5b00601,O=C(CC(O)(C(O)=O)C1)O[Mg]OC1=O,with Mg (MgO) as template,,koh,1,1918.5,209.2,2.89,1.66,,,2.42,0,,,,,
10.1039/c5ra07807e,OC1=C(C(O)=CC=C1C(O[K])=O)CC2=C(O)C=CC(C(O[K])=O)=C2O,modified fenol-formaldehyde resin,hpc-6,koh,0.9,524,,0.31,0.6,0.25,,0.8,0,,,,,
10.1039/c5ra07807e,OC1=C(C(O)=CC=C1C(O[K])=O)CC2=C(O)C=CC(C(O[K])=O)=C2O,modified fenol-formaldehyde resin,hpc-7,koh,0.9,637,,0.37,0.6,0.31,,0.82,0,,,,,
10.1039/c5ra07807e,OC1=C(C(O)=CC=C1C(O[K])=O)CC2=C(O)C=CC(C(O[K])=O)=C2O,modified fenol-formaldehyde resin,hpc-8,koh,0.9,803,,0.46,0.6,0.38,,0.84,0,,,,,
10.1039/c5ra07807e,OC1=C(C(O)=CC=C1C(O[K])=O)CC2=C(O)C=CC(C(O[K])=O)=C2O,modified fenol-formaldehyde resin,hpc-9,koh,0.9,1007,147.2,0.62,0.6,0.46,,0.85,0,7.3,,,,
10.1039/c5ra07807e,OC1=C(C(O)=CC=C1C(O[K])=O)CC2=C(O)C=CC(C(O[K])=O)=C2O,modified fenol-formaldehyde resin,hpc-10,koh,0.9,966,,0.57,0.6,0.43,,0.85,0,,,,,
10.1039/c5ra07807e,OC1=C(C(O)=CC=C1C(O[K])=O)CC2=C(O)C=CC(C(O[K])=O)=C2O,modified fenol-formaldehyde resin,hpc-9d,koh,0.9,1549,175.2,0.81,0.6,0.61,,0.86,0,8.5,,,,
10.1039/c5ra07807e,OC1=C(C(O)=CC=C1C(O[K])=O)CC2=C(O)C=CC(C(O[K])=O)=C2O,modified fenol-formaldehyde resin,MPC-9,koh,0.9,648,174.4,0.33,0.6,0.33,,0.83,0,,,,,
10.1039/c5ra07807e,OC1=C(C(O)=CC=C1C(O[K])=O)CC2=C(O)C=CC(C(O[K])=O)=C2O,modified fenol-formaldehyde resin,hpc-6,teabf4 AN,2.7,524,,0.31,0.6,0.25,,0.8,0,,,,,
10.1039/c5ra07807e,OC1=C(C(O)=CC=C1C(O[K])=O)CC2=C(O)C=CC(C(O[K])=O)=C2O,modified fenol-formaldehyde resin,hpc-7,teabf4 AN,2.7,637,,0.37,0.6,0.31,,0.82,0,,,,,
10.1039/c5ra07807e,OC1=C(C(O)=CC=C1C(O[K])=O)CC2=C(O)C=CC(C(O[K])=O)=C2O,modified fenol-formaldehyde resin,hpc-8,teabf4 AN,2.7,803,,0.46,0.6,0.38,,0.84,0,,,,,
10.1039/c5ra07807e,OC1=C(C(O)=CC=C1C(O[K])=O)CC2=C(O)C=CC(C(O[K])=O)=C2O,modified fenol-formaldehyde resin,hpc-9,teabf4 AN,2.7,1007,38,0.62,0.6,0.46,,0.85,0,7.3,,,,
10.1039/c5ra07807e,OC1=C(C(O)=CC=C1C(O[K])=O)CC2=C(O)C=CC(C(O[K])=O)=C2O,modified fenol-formaldehyde resin,hpc-10,teabf4 AN,2.7,966,,0.57,0.6,0.43,,0.85,0,,,,,
10.1039/c5ra07807e,OC1=C(C(O)=CC=C1C(O[K])=O)CC2=C(O)C=CC(C(O[K])=O)=C2O,modified fenol-formaldehyde resin,hpc-9d,teabf4 AN,2.7,1549,115,0.81,0.6,0.61,,0.86,0,8.5,,,,
10.1039/c5ra07807e,OC1=C(C(O)=CC=C1C(O[K])=O)CC2=C(O)C=CC(C(O[K])=O)=C2O,modified fenol-formaldehyde resin,MPC-9,teabf4 AN,2.7,648,1.9,0.33,0.6,0.33,,0.83,0,,,,,
10.1039/c5ra16104e,O=C(CC(O)(C(O)=O)C1)O[Mg]OC1=O,subsequent NH3 treatment,n-hpc,lipf6 EC/DMC,2.7,1290,101,3.04,0.7,0.3,400,,3.6,,,,,
10.1039/c5ra16104e,O=C(CC(O)(C(O)=O)C1)O[Mg]OC1=O,subsequent NH3 treatment,hpc,lipf6 EC/DMC,2.7,1222,108,2.76,0.7,0.28,382,,,,,,,
10.1039/c5ra16104e,O=C(CC(O)(C(O)=O)C1)O[Mg]OC1=O,subsequent NH3 treatment,yp-17d,lipf6 EC/DMC,2.7,1487,90,0.74,1,0.56,1356,,,,,,,
10.1007/s10800-015-0850-z,O=C(O[Na])C(O[Na])=O,,600-2,koh,1,449,185,0.54,4.77,0.11,,,,,,,,
10.1007/s10800-015-0850-z,O=C(O[Na])C(O[Na])=O,,700-2,koh,1,600,193,0.63,4.2,0.18,,,,,,,,
10.1007/s10800-015-0850-z,O=C(O[Na])C(O[Na])=O,,800-2,koh,1,1018,233,1.07,4.18,0.27,,,,,,,,
10.1007/s10800-015-0850-z,O=C(O[Na])C(O[Na])=O,,900-2,koh,1,1066,168,1.48,5.57,0.11,,,,,,,,
10.1007/s10800-015-0850-z,O=C(O[Na])C(O[Na])=O,,800-1.5,koh,1,866,189,0.83,3.81,0.21,,,,,,,,
10.1007/s10800-015-0850-z,O=C(O[Na])C(O[Na])=O,,800-2.5,koh,1,1456,245,1.35,3.7,0.38,,1.02,,,,,,
10.1007/s10800-015-0850-z,O=C(O[Na])C(O[Na])=O,,800-3,koh,1,971,236,0.99,4.07,0.26,,,,,,,,
10.1039/c4ta01215a,C1(/[N]C=CC1)=C/C2=CC=CC=C2,,,koh,1,139,,,4.3,,,0.57,11.3,,,,,
10.1039/c4ta01215a,C1(/[N]C=CC1)=C/C2=CC=CC=C3,,,koh,1,1299,491,,,,,0.89,4.8,,,,,
10.1039/c4ta01215a,C1(/[N]C=CC1)=C/C2=CC=CC=C4,,,koh,1,2090,525,,,,,0.9,4.1,,,,,
