dataset,capacity_max,smiles,canon_smiles,selfies,molecule
expert1,628.0,N#Cc%10ccc(/C=C/C(/C=C/c1ccc(C#N)cc1)/C=C/c9ccc(c8nc(c4ccc(/C=C/C(/C=C/c2ccc(C#N)cc2)\C=C\c3ccc(C#N)cc3)cc4)nc(c7ccc(/C=C/C(/C=C/c5ccc(C#N)cc5)\C=C\c6ccc(C#N)cc6)cc7)n8)cc9)cc%10,N#Cc1ccc(/C=C/C(/C=C/c2ccc(C#N)cc2)/C=C/c2ccc(-c3nc(-c4ccc(/C=C/C(/C=C/c5ccc(C#N)cc5)/C=C/c5ccc(C#N)cc5)cc4)nc(-c4ccc(/C=C/C(/C=C/c5ccc(C#N)cc5)/C=C/c5ccc(C#N)cc5)cc4)n3)cc2)cc1,[N][#C][C][=C][C][=C][Branch2][#Branch2][O][/C][=C][/C][Branch1][#C][/C][=C][/C][=C][C][=C][Branch1][Ring1][C][#N][C][=C][Ring1][Branch2][/C][=C][/C][=C][C][=C][Branch2][Branch2][#Branch2][C][=N][C][Branch2][Ring2][=C][C][=C][C][=C][Branch2][Ring2][C][/C][=C][/C][Branch1][#C][/C][=C][/C][=C][C][=C][Branch1][Ring1][C][#N][C][=C][Ring1][Branch2][/C][=C][/C][=C][C][=C][Branch1][Ring1][C][#N][C][=C][Ring1][Branch2][C][=C][Ring2][Ring1][=N][=N][C][Branch2][Ring2][=C][C][=C][C][=C][Branch2][Ring2][C][/C][=C][/C][Branch1][#C][/C][=C][/C][=C][C][=C][Branch1][Ring1][C][#N][C][=C][Ring1][Branch2][/C][=C][/C][=C][C][=C][Branch1][Ring1][C][#N][C][=C][Ring1][Branch2][C][=C][Ring2][Ring1][=N][=N][Ring2][Branch1][S][C][=C][Ring2][=Branch1][=Branch1][C][=C][Ring2][#Branch1][O],<rdkit.Chem.rdchem.Mol object at 0x7f9a5feacdd0>
expert1,255.0,CC(C)c%19ccc(n2c(c1ccc(C#N)cc1)cc%17c2cc(c%16ccc(c%15nc(c8ccc(c6cc4c(cc(c3ccc(C#N)cc3)n4c5ccc(C(C)C)cc5)n6c7ccc(C(C)C)cc7)cc8)nc(c%14ccc(c%12cc%10c(cc(c9ccc(C#N)cc9)n%10c%11ccc(C(C)C)cc%11)n%12c%13ccc(C(C)C)cc%13)cc%14)n%15)cc%16)n%17c%18ccc(C(C)C)cc%18)cc%19,CC(C)c1ccc(-n2c(-c3ccc(C#N)cc3)cc3c2cc(-c2ccc(-c4nc(-c5ccc(-c6cc7c(cc(-c8ccc(C#N)cc8)n7-c7ccc(C(C)C)cc7)n6-c6ccc(C(C)C)cc6)cc5)nc(-c5ccc(-c6cc7c(cc(-c8ccc(C#N)cc8)n7-c7ccc(C(C)C)cc7)n6-c6ccc(C(C)C)cc6)cc5)n4)cc2)n3-c2ccc(C(C)C)cc2)cc1,[C][C][Branch1][C][C][C][=C][C][=C][Branch2][#C][=Branch2][N][C][Branch1][=N][C][=C][C][=C][Branch1][Ring1][C][#N][C][=C][Ring1][Branch2][=C][C][=C][Ring1][=N][C][=C][Branch2][N][N][C][=C][C][=C][Branch2][O][S][C][=N][C][Branch2][=Branch1][=Branch2][C][=C][C][=C][Branch2][Branch1][=N][C][=C][C][=C][Branch2][Ring2][Ring1][C][=C][Branch1][=N][C][=C][C][=C][Branch1][Ring1][C][#N][C][=C][Ring1][Branch2][N][Ring1][=N][C][=C][C][=C][Branch1][=Branch1][C][Branch1][C][C][C][C][=C][Ring1][=Branch2][N][Ring2][Ring1][=Branch2][C][=C][C][=C][Branch1][=Branch1][C][Branch1][C][C][C][C][=C][Ring1][=Branch2][C][=C][Ring2][Ring2][Branch2][=N][C][Branch2][=Branch1][=Branch2][C][=C][C][=C][Branch2][Branch1][=N][C][=C][C][=C][Branch2][Ring2][Ring1][C][=C][Branch1][=N][C][=C][C][=C][Branch1][Ring1][C][#N][C][=C][Ring1][Branch2][N][Ring1][=N][C][=C][C][=C][Branch1][=Branch1][C][Branch1][C][C][C][C][=C][Ring1][=Branch2][N][Ring2][Ring1][=Branch2][C][=C][C][=C][Branch1][=Branch1][C][Branch1][C][C][C][C][=C][Ring1][=Branch2][C][=C][Ring2][Ring2][Branch2][=N][Ring2][#Branch1][=Branch1][C][=C][Ring2][#Branch1][N][N][Ring2][#Branch1][P][C][=C][C][=C][Branch1][=Branch1][C][Branch1][C][C][C][C][=C][Ring1][=Branch2][C][=C][Ring2][=Branch2][O],<rdkit.Chem.rdchem.Mol object at 0x7f9a6003f1b0>
expert1,269.0,Cc%25ccc%24nc(n2c(c1ccc(C#N)cc1)cc%21c2cc(c%20ccc(c%19nc(c%10ccc(c7cc4c(cc(c3ccc(C#N)cc3)n4c6nc5ccc(C)cc5s6)n7c9nc8ccc(C)cc8s9)cc%10)nc(c%18ccc(c%15cc%12c(cc(c%11ccc(C#N)cc%11)n%12c%14nc%13ccc(C)cc%13s%14)n%15c%17nc%16ccc(C)cc%16s%17)cc%18)n%19)cc%20)n%21c%23nc%22ccc(C)cc%22s%23)sc%24c%25,Cc1ccc2nc(-n3c(-c4ccc(C#N)cc4)cc4c3cc(-c3ccc(-c5nc(-c6ccc(-c7cc8c(cc(-c9ccc(C#N)cc9)n8-c8nc9ccc(C)cc9s8)n7-c7nc8ccc(C)cc8s7)cc6)nc(-c6ccc(-c7cc8c(cc(-c9ccc(C#N)cc9)n8-c8nc9ccc(C)cc9s8)n7-c7nc8ccc(C)cc8s7)cc6)n5)cc3)n4-c3nc4ccc(C)cc4s3)sc2c1,[C][C][=C][C][=C][N][=C][Branch2][#C][=C][N][C][Branch1][=N][C][=C][C][=C][Branch1][Ring1][C][#N][C][=C][Ring1][Branch2][=C][C][=C][Ring1][=N][C][=C][Branch2][N][S][C][=C][C][=C][Branch2][N][Ring2][C][=N][C][Branch2][=Branch1][O][C][=C][C][=C][Branch2][Branch1][#C][C][=C][C][=C][Branch2][Ring2][Ring2][C][=C][Branch1][=N][C][=C][C][=C][Branch1][Ring1][C][#N][C][=C][Ring1][Branch2][N][Ring1][=N][C][=N][C][=C][C][=C][Branch1][C][C][C][=C][Ring1][#Branch1][S][Ring1][#Branch2][N][Ring2][Ring1][#Branch2][C][=N][C][=C][C][=C][Branch1][C][C][C][=C][Ring1][#Branch1][S][Ring1][#Branch2][C][=C][Ring2][Ring2][#Branch2][=N][C][Branch2][=Branch1][O][C][=C][C][=C][Branch2][Branch1][#C][C][=C][C][=C][Branch2][Ring2][Ring2][C][=C][Branch1][=N][C][=C][C][=C][Branch1][Ring1][C][#N][C][=C][Ring1][Branch2][N][Ring1][=N][C][=N][C][=C][C][=C][Branch1][C][C][C][=C][Ring1][#Branch1][S][Ring1][#Branch2][N][Ring2][Ring1][#Branch2][C][=N][C][=C][C][=C][Branch1][C][C][C][=C][Ring1][#Branch1][S][Ring1][#Branch2][C][=C][Ring2][Ring2][#Branch2][=N][Ring2][#Branch1][#Branch2][C][=C][Ring2][#Branch1][S][N][Ring2][Branch2][Branch1][C][=N][C][=C][C][=C][Branch1][C][C][C][=C][Ring1][#Branch1][S][Ring1][#Branch2][S][C][Ring2][=Branch2][#C][=C][Ring2][#Branch2][Ring1],<rdkit.Chem.rdchem.Mol object at 0x7f9a5ff890e0>
expert1,468.0,NC1=CC(C(C(C=C2)=C3C=C2NC4=NC(NC5=CC6=C(C=C5)C(C7=C(C6=O)C=CC(N)=C7)=O)=NC(NC8=CC9=C(C=C8)C(C%10=C(C9=O)C=CC(N)=C%10)=O)=N4)=O)=C(C3=O)C=C1,Nc1ccc2c(c1)C(=O)c1ccc(Nc3nc(Nc4ccc5c(c4)C(=O)c4ccc(N)cc4C5=O)nc(Nc4ccc5c(c4)C(=O)c4ccc(N)cc4C5=O)n3)cc1C2=O,[N][C][=C][C][=C][C][=Branch1][Ring2][=C][Ring1][=Branch1][C][=Branch1][C][=O][C][=C][C][=C][Branch2][=Branch1][=N][N][C][=N][C][Branch2][Ring1][#C][N][C][=C][C][=C][C][=Branch1][Ring2][=C][Ring1][=Branch1][C][=Branch1][C][=O][C][=C][C][=C][Branch1][C][N][C][=C][Ring1][#Branch1][C][Ring1][=N][=O][=N][C][Branch2][Ring1][#C][N][C][=C][C][=C][C][=Branch1][Ring2][=C][Ring1][=Branch1][C][=Branch1][C][=O][C][=C][C][=C][Branch1][C][N][C][=C][Ring1][#Branch1][C][Ring1][=N][=O][=N][Ring2][Ring2][#Branch2][C][=C][Ring2][Ring2][P][C][Ring2][Branch1][#Branch1][=O],<rdkit.Chem.rdchem.Mol object at 0x7f9a5ff89000>
expert1,228.0,ClC1=NC(C2=CC=C(C3=CC(C4=CC=C(C5=NC(Cl)=NC(Cl)=N5)C=C4)=CC(C6=CC=C(C7=NC(Cl)=NC(Cl)=N7)C=C6)=C3)C=C2)=NC(Cl)=N1,Clc1nc(Cl)nc(-c2ccc(-c3cc(-c4ccc(-c5nc(Cl)nc(Cl)n5)cc4)cc(-c4ccc(-c5nc(Cl)nc(Cl)n5)cc4)c3)cc2)n1,[Cl][C][=N][C][Branch1][C][Cl][=N][C][Branch2][=Branch1][N][C][=C][C][=C][Branch2][Branch1][S][C][=C][C][Branch2][Ring1][=Branch2][C][=C][C][=C][Branch1][#C][C][=N][C][Branch1][C][Cl][=N][C][Branch1][C][Cl][=N][Ring1][Branch2][C][=C][Ring1][=C][=C][C][Branch2][Ring1][=Branch2][C][=C][C][=C][Branch1][#C][C][=N][C][Branch1][C][Cl][=N][C][Branch1][C][Cl][=N][Ring1][Branch2][C][=C][Ring1][=C][=C][Ring2][Ring2][C][C][=C][Ring2][Ring2][Branch2][=N][Ring2][Ring2][#C],<rdkit.Chem.rdchem.Mol object at 0x7f9a5ff88f20>
expert1,196.0,C1([N+]2=CC=C(C3=CC=NC=C3)C=C2)=NC([N+]4=CC=C(C5=CC=NC=C5)C=C4)=NC([N+]6=CC=C(C7=CC=NC=C7)C=C6)=N1,c1cc(-c2cc[n+](-c3nc(-[n+]4ccc(-c5ccncc5)cc4)nc(-[n+]4ccc(-c5ccncc5)cc4)n3)cc2)ccn1,[C][=C][C][Branch2][Branch1][S][C][=C][C][=N+1][Branch2][Branch1][Ring2][C][=N][C][Branch2][Ring1][Ring1][N+1][=C][C][=C][Branch1][=Branch2][C][=C][C][=N][C][=C][Ring1][=Branch1][C][=C][Ring1][N][=N][C][Branch2][Ring1][Ring1][N+1][=C][C][=C][Branch1][=Branch2][C][=C][C][=N][C][=C][Ring1][=Branch1][C][=C][Ring1][N][=N][Ring2][Ring1][=C][C][=C][Ring2][Ring2][Ring2][=C][C][=N][Ring2][Ring2][#Branch2],<rdkit.Chem.rdchem.Mol object at 0x7f9a5ff89070>
expert1,379.0,N#Cc4c(F)c(F)c(c3nc(c1c(F)c(F)c(C#N)c(F)c1F)nc(c2c(F)c(F)c(C#N)c(F)c2F)n3)c(F)c4F,N#Cc1c(F)c(F)c(-c2nc(-c3c(F)c(F)c(C#N)c(F)c3F)nc(-c3c(F)c(F)c(C#N)c(F)c3F)n2)c(F)c1F,[N][#C][C][=C][Branch1][C][F][C][Branch1][C][F][=C][Branch2][Branch1][N][C][=N][C][Branch2][Ring1][#Branch1][C][=C][Branch1][C][F][C][Branch1][C][F][=C][Branch1][Ring1][C][#N][C][Branch1][C][F][=C][Ring1][O][F][=N][C][Branch2][Ring1][#Branch1][C][=C][Branch1][C][F][C][Branch1][C][F][=C][Branch1][Ring1][C][#N][C][Branch1][C][F][=C][Ring1][O][F][=N][Ring2][Ring1][=C][C][Branch1][C][F][=C][Ring2][Ring2][#Branch1][F],<rdkit.Chem.rdchem.Mol object at 0x7f9a5ff880b0>
expert1,383.0,N#CC(C#N)=c4ccc(=C(C#N)c3nc(C(C#N)=c1ccc(=C(C#N)C#N)cc1)nc(C(C#N)=c2ccc(=C(C#N)C#N)cc2)n3)cc4,N#CC(C#N)=c1ccc(=C(C#N)c2nc(C(C#N)=c3ccc(=C(C#N)C#N)cc3)nc(C(C#N)=c3ccc(=C(C#N)C#N)cc3)n2)cc1,[N][#C][C][Branch1][Ring1][C][#N][=C][C][=C][C][=Branch2][Branch1][P][=C][Branch1][Ring1][C][#N][C][=N][C][Branch2][Ring1][#Branch1][C][Branch1][Ring1][C][#N][=C][C][=C][C][=Branch1][Branch2][=C][Branch1][Ring1][C][#N][C][#N][C][=C][Ring1][O][=N][C][Branch2][Ring1][#Branch1][C][Branch1][Ring1][C][#N][=C][C][=C][C][=Branch1][Branch2][=C][Branch1][Ring1][C][#N][C][#N][C][=C][Ring1][O][=N][Ring2][Ring2][C][C][=C][Ring2][Ring2][O],<rdkit.Chem.rdchem.Mol object at 0x7f9a5ff8a180>
expert1,404.0,N#C/C=C/c1nc(/C=C/C#N)nc(/C=C/C#N)n1,N#C/C=C/c1nc(/C=C/C#N)nc(/C=C/C#N)n1,[N][#C][/C][=C][/C][=N][C][Branch1][Branch1][/C][=C][/C][#N][=N][C][Branch1][Branch1][/C][=C][/C][#N][=N][Ring1][=C],<rdkit.Chem.rdchem.Mol object at 0x7f9a6008a570>
expert1,291.0,N#Cc%19ccc(c%17cc%15c(cc(c%14ccc(c%13nc(c6ccc(c4cc2c(cc(c1ccc(C#N)cc1)n2c3ccc(C#N)cc3)n4c5ccc(C#N)cc5)cc6)nc(c%12ccc(c%10cc8c(cc(c7ccc(C#N)cc7)n8c9ccc(C#N)cc9)n%10c%11ccc(C#N)cc%11)cc%12)n%13)cc%14)n%15c%16ccc(C#N)cc%16)n%17c%18ccc(C#N)cc%18)cc%19,N#Cc1ccc(-c2cc3c(cc(-c4ccc(-c5nc(-c6ccc(-c7cc8c(cc(-c9ccc(C#N)cc9)n8-c8ccc(C#N)cc8)n7-c7ccc(C#N)cc7)cc6)nc(-c6ccc(-c7cc8c(cc(-c9ccc(C#N)cc9)n8-c8ccc(C#N)cc8)n7-c7ccc(C#N)cc7)cc6)n5)cc4)n3-c3ccc(C#N)cc3)n2-c2ccc(C#N)cc2)cc1,[N][#C][C][=C][C][=C][Branch2][=C][N][C][=C][C][=C][Branch2][=N][Branch1][C][=C][Branch2][O][S][C][=C][C][=C][Branch2][O][Ring2][C][=N][C][Branch2][=Branch1][Ring1][C][=C][C][=C][Branch2][Branch1][#Branch1][C][=C][C][=C][Branch2][Ring1][S][C][=C][Branch1][=N][C][=C][C][=C][Branch1][Ring1][C][#N][C][=C][Ring1][Branch2][N][Ring1][=N][C][=C][C][=C][Branch1][Ring1][C][#N][C][=C][Ring1][Branch2][N][Ring2][Ring1][Branch2][C][=C][C][=C][Branch1][Ring1][C][#N][C][=C][Ring1][Branch2][C][=C][Ring2][Ring2][=Branch1][=N][C][Branch2][=Branch1][Ring1][C][=C][C][=C][Branch2][Branch1][#Branch1][C][=C][C][=C][Branch2][Ring1][S][C][=C][Branch1][=N][C][=C][C][=C][Branch1][Ring1][C][#N][C][=C][Ring1][Branch2][N][Ring1][=N][C][=C][C][=C][Branch1][Ring1][C][#N][C][=C][Ring1][Branch2][N][Ring2][Ring1][Branch2][C][=C][C][=C][Branch1][Ring1][C][#N][C][=C][Ring1][Branch2][C][=C][Ring2][Ring2][=Branch1][=N][Ring2][#Branch1][C][C][=C][Ring2][#Branch1][Branch2][N][Ring2][#Branch1][=N][C][=C][C][=C][Branch1][Ring1][C][#N][C][=C][Ring1][Branch2][N][Ring2][Branch2][Branch2][C][=C][C][=C][Branch1][Ring1][C][#N][C][=C][Ring1][Branch2][C][=C][Ring2][=Branch2][=Branch1],<rdkit.Chem.rdchem.Mol object at 0x7f9a6008aab0>
expert1,500.0,N#Cc%10cc(C#N)c%11ccc%13c(c9nc(c1cc(C#N)c2ccc3c(C#N)cc(C#N)c4ccc1c2c34)nc(c5cc(C#N)c6ccc7c(C#N)cc(C#N)c8ccc5c6c78)n9)cc(C#N)c%12ccc%10c%11c%12%13,N#Cc1cc(C#N)c2ccc3c(-c4nc(-c5cc(C#N)c6ccc7c(C#N)cc(C#N)c8ccc5c6c78)nc(-c5cc(C#N)c6ccc7c(C#N)cc(C#N)c8ccc5c6c78)n4)cc(C#N)c4ccc1c2c43,[N][#C][C][=C][C][Branch1][Ring1][C][#N][=C][C][=C][C][=C][Branch2][#Branch1][#Branch2][C][=N][C][Branch2][Ring2][=Branch1][C][=C][C][Branch1][Ring1][C][#N][=C][C][=C][C][=C][Branch1][Ring1][C][#N][C][=C][Branch1][Ring1][C][#N][C][=C][C][=C][Ring2][Ring1][Ring2][C][Ring1][S][=C][Ring1][=C][Ring1][=Branch1][=N][C][Branch2][Ring2][=Branch1][C][=C][C][Branch1][Ring1][C][#N][=C][C][=C][C][=C][Branch1][Ring1][C][#N][C][=C][Branch1][Ring1][C][#N][C][=C][C][=C][Ring2][Ring1][Ring2][C][Ring1][S][=C][Ring1][=C][Ring1][=Branch1][=N][Ring2][Branch1][C][C][=C][Branch1][Ring1][C][#N][C][=C][C][=C][Ring2][=Branch1][Ring2][C][Ring2][Branch1][S][=C][Ring1][=Branch1][Ring2][Branch1][=C],<rdkit.Chem.rdchem.Mol object at 0x7f9a60089a10>
expert1,589.0,N#Cc9c1ccccc1c(c8nc(c3c2ccccc2c(C#N)c4ccccc34)nc(c6c5ccccc5c(C#N)c7ccccc67)n8)c%10ccccc9%10,N#Cc1c2ccccc2c(-c2nc(-c3c4ccccc4c(C#N)c4ccccc34)nc(-c3c4ccccc4c(C#N)c4ccccc34)n2)c2ccccc12,[N][#C][C][=C][C][=C][C][=C][C][Ring1][=Branch1][=C][Branch2][Branch1][S][C][=N][C][Branch2][Ring1][=Branch2][C][=C][C][=C][C][=C][C][Ring1][=Branch1][=C][Branch1][Ring1][C][#N][C][=C][C][=C][C][=C][Ring1][S][Ring1][=Branch1][=N][C][Branch2][Ring1][=Branch2][C][=C][C][=C][C][=C][C][Ring1][=Branch1][=C][Branch1][Ring1][C][#N][C][=C][C][=C][C][=C][Ring1][S][Ring1][=Branch1][=N][Ring2][Ring2][=Branch1][C][=C][C][=C][C][=C][Ring2][Branch1][Ring2][Ring1][=Branch1],<rdkit.Chem.rdchem.Mol object at 0x7f9a6008ab20>
expert1,not given,N#Cc4cncc(c3nc(c1cncc(C#N)c1)nc(c2cncc(C#N)c2)n3)c4,N#Cc1cncc(-c2nc(-c3cncc(C#N)c3)nc(-c3cncc(C#N)c3)n2)c1,[N][#C][C][=C][N][=C][C][Branch2][Ring2][=Branch1][C][=N][C][Branch1][=N][C][=C][N][=C][C][Branch1][Ring1][C][#N][=C][Ring1][Branch2][=N][C][Branch1][=N][C][=C][N][=C][C][Branch1][Ring1][C][#N][=C][Ring1][Branch2][=N][Ring2][Ring1][=Branch1][=C][Ring2][Ring1][N],<rdkit.Chem.rdchem.Mol object at 0x7f9a60089e00>
expert1,298.0,N#Cc4ccc(c3nc(c1ccc(C#N)cc1)nc(c2ccc(C#N)cc2)n3)cc4,N#Cc1ccc(-c2nc(-c3ccc(C#N)cc3)nc(-c3ccc(C#N)cc3)n2)cc1,[N][#C][C][=C][C][=C][Branch2][Ring2][=Branch1][C][=N][C][Branch1][=N][C][=C][C][=C][Branch1][Ring1][C][#N][C][=C][Ring1][Branch2][=N][C][Branch1][=N][C][=C][C][=C][Branch1][Ring1][C][#N][C][=C][Ring1][Branch2][=N][Ring2][Ring1][=Branch1][C][=C][Ring2][Ring1][N],<rdkit.Chem.rdchem.Mol object at 0x7f9a60089af0>
expert1,280.0,N#Cc7ccc(c6ccc(c5nc(c2ccc(c1ccc(C#N)cc1)cc2)nc(c4ccc(c3ccc(C#N)cc3)cc4)n5)cc6)cc7,N#Cc1ccc(-c2ccc(-c3nc(-c4ccc(-c5ccc(C#N)cc5)cc4)nc(-c4ccc(-c5ccc(C#N)cc5)cc4)n3)cc2)cc1,[N][#C][C][=C][C][=C][Branch2][=Branch1][Branch2][C][=C][C][=C][Branch2][Branch1][N][C][=N][C][Branch2][Ring1][#Branch1][C][=C][C][=C][Branch1][=N][C][=C][C][=C][Branch1][Ring1][C][#N][C][=C][Ring1][Branch2][C][=C][Ring1][=C][=N][C][Branch2][Ring1][#Branch1][C][=C][C][=C][Branch1][=N][C][=C][C][=C][Branch1][Ring1][C][#N][C][=C][Ring1][Branch2][C][=C][Ring1][=C][=N][Ring2][Ring2][C][C][=C][Ring2][Ring2][Branch2][C][=C][Ring2][Ring2][=C],<rdkit.Chem.rdchem.Mol object at 0x7f9a60089d90>
expert1,393.0,N#Cc7ccc(c6ccc(c5nc(c2ccc(c1ccc(C#N)cn1)nc2)nc(c4ccc(c3ccc(C#N)cn3)nc4)n5)cn6)nc7,N#Cc1ccc(-c2ccc(-c3nc(-c4ccc(-c5ccc(C#N)cn5)nc4)nc(-c4ccc(-c5ccc(C#N)cn5)nc4)n3)cn2)nc1,[N][#C][C][=C][C][=C][Branch2][=Branch1][Branch2][C][=C][C][=C][Branch2][Branch1][N][C][=N][C][Branch2][Ring1][#Branch1][C][=C][C][=C][Branch1][=N][C][=C][C][=C][Branch1][Ring1][C][#N][C][=N][Ring1][Branch2][N][=C][Ring1][=C][=N][C][Branch2][Ring1][#Branch1][C][=C][C][=C][Branch1][=N][C][=C][C][=C][Branch1][Ring1][C][#N][C][=N][Ring1][Branch2][N][=C][Ring1][=C][=N][Ring2][Ring2][C][C][=N][Ring2][Ring2][Branch2][N][=C][Ring2][Ring2][=C],<rdkit.Chem.rdchem.Mol object at 0x7f9a6008af10>
expert1,406.0,N#Cc4cccc(c3nc(c1cccc(C#N)n1)nc(c2cccc(C#N)n2)n3)n4,N#Cc1cccc(-c2nc(-c3cccc(C#N)n3)nc(-c3cccc(C#N)n3)n2)n1,[N][#C][C][=C][C][=C][C][Branch2][Ring2][=Branch1][C][=N][C][Branch1][=N][C][=C][C][=C][C][Branch1][Ring1][C][#N][=N][Ring1][Branch2][=N][C][Branch1][=N][C][=C][C][=C][C][Branch1][Ring1][C][#N][=N][Ring1][Branch2][=N][Ring2][Ring1][=Branch1][=N][Ring2][Ring1][N],<rdkit.Chem.rdchem.Mol object at 0x7f9a60089a80>
expert1,423.0,O=C1N(C(C2=C1C=C(C3=C2)C(OC3=O)=O)=O)C(C=C4)=CC=C4C5=NC(C6=CC=C(N(C(C7=C8C=C(C9=C7)C(OC9=O)=O)=O)C8=O)C=C6)=NC(C%10=CC=C(N(C(C%11=C%12C=C(C%13=C%11)C(OC%13=O)=O)=O)C%12=O)C=C%10)=N5,O=c1oc(=O)c2cc3c(=O)n(-c4ccc(-c5nc(-c6ccc(-n7c(=O)c8cc9c(=O)oc(=O)c9cc8c7=O)cc6)nc(-c6ccc(-n7c(=O)c8cc9c(=O)oc(=O)c9cc8c7=O)cc6)n5)cc4)c(=O)c3cc12,[O][=C][O][C][=Branch1][C][=O][C][=C][C][C][=Branch1][C][=O][N][Branch2][Branch2][N][C][=C][C][=C][Branch2][#Branch1][S][C][=N][C][Branch2][Ring2][=Branch2][C][=C][C][=C][Branch2][Ring1][=N][N][C][=Branch1][C][=O][C][=C][C][C][=Branch1][C][=O][O][C][=Branch1][C][=O][C][=Ring1][#Branch1][C][=C][Ring1][O][C][Ring1][#C][=O][C][=C][Ring2][Ring1][=Branch1][=N][C][Branch2][Ring2][=Branch2][C][=C][C][=C][Branch2][Ring1][=N][N][C][=Branch1][C][=O][C][=C][C][C][=Branch1][C][=O][O][C][=Branch1][C][=O][C][=Ring1][#Branch1][C][=C][Ring1][O][C][Ring1][#C][=O][C][=C][Ring2][Ring1][=Branch1][=N][Ring2][Branch1][C][C][=C][Ring2][Branch1][Branch2][C][=Branch1][C][=O][C][=Ring2][Branch1][#C][C][=C][Ring2][=Branch1][#Branch1][Ring2][=Branch1][Ring1],<rdkit.Chem.rdchem.Mol object at 0x7f9a60089cb0>
expert1,388.0,O=C1N(C(C2=CC=C3C4=C2C1=CC=C4C(OC3=O)=O)=O)C(C=C5)=CC=C5C6=NC(C7=CC=C(N(C(C8=CC=C9C%10=C8C%11=CC=C%10C(OC9=O)=O)=O)C%11=O)C=C7)=NC(C%12=CC=C(N(C(C%13=CC=C%14C%15=C%13C%16=CC=C%15C(OC%14=O)=O)=O)C%16=O)C=C%12)=N6,O=C1OC(=O)c2ccc3c4c(ccc1c24)C(=O)N(c1ccc(-c2nc(-c4ccc(N5C(=O)c6ccc7c8c(ccc(c68)C5=O)C(=O)OC7=O)cc4)nc(-c4ccc(N5C(=O)c6ccc7c8c(ccc(c68)C5=O)C(=O)OC7=O)cc4)n2)cc1)C3=O,[O][=C][O][C][=Branch1][C][=O][C][=C][C][=C][C][=C][Branch1][O][C][=C][C][Ring1][=N][=C][Ring1][#Branch2][Ring1][=Branch1][C][=Branch1][C][=O][N][Branch2][=Branch2][N][C][=C][C][=C][Branch2][Branch2][S][C][=N][C][Branch2][Ring2][P][C][=C][C][=C][Branch2][Ring2][Branch1][N][C][=Branch1][C][=O][C][=C][C][=C][C][=C][Branch1][#C][C][=C][C][=Branch1][=Branch1][=C][Ring1][#Branch2][Ring1][=Branch1][C][Ring1][=C][=O][C][=Branch1][C][=O][O][C][Ring1][=N][=O][C][=C][Ring2][Ring1][#Branch2][=N][C][Branch2][Ring2][P][C][=C][C][=C][Branch2][Ring2][Branch1][N][C][=Branch1][C][=O][C][=C][C][=C][C][=C][Branch1][#C][C][=C][C][=Branch1][=Branch1][=C][Ring1][#Branch2][Ring1][=Branch1][C][Ring1][=C][=O][C][=Branch1][C][=O][O][C][Ring1][=N][=O][C][=C][Ring2][Ring1][#Branch2][=N][Ring2][Branch1][#Branch2][C][=C][Ring2][Branch1][S][C][Ring2][=Branch1][O][=O],<rdkit.Chem.rdchem.Mol object at 0x7f9a60089850>
expert1,310.0,NC1=CC=C(C2=NC(C3=CC=C(N=C3)/N=C/C4=C(C(/C=N/C5=CC=C(C=N5)C6=NC(C7=CN=C(C=C7)N)=NC(C8=CC=C(N=C8)N)=N6)=CC(/C=N/C9=CC=C(C=N9)C%10=NC(C%11=CN=C(C=C%11)N)=NC(C%12=CC=C(N=C%12)N)=N%10)=C4O)O)=NC(C%13=CN=C(C=C%13)N)=N2)C=N1,Nc1ccc(-c2nc(-c3ccc(N)nc3)nc(-c3ccc(/N=C/c4cc(/C=N/c5ccc(-c6nc(-c7ccc(N)nc7)nc(-c7ccc(N)nc7)n6)cn5)c(O)c(/C=N/c5ccc(-c6nc(-c7ccc(N)nc7)nc(-c7ccc(N)nc7)n6)cn5)c4O)nc3)n2)cn1,[N][C][=C][C][=C][Branch2][O][=N][C][=N][C][Branch1][N][C][=C][C][=C][Branch1][C][N][N][=C][Ring1][#Branch1][=N][C][Branch2][#Branch2][Ring2][C][=C][C][=C][Branch2][=Branch2][Branch2][/N][=C][/C][=C][C][Branch2][Branch1][C][/C][=N][/C][=C][C][=C][Branch2][Ring2][Ring2][C][=N][C][Branch1][N][C][=C][C][=C][Branch1][C][N][N][=C][Ring1][#Branch1][=N][C][Branch1][N][C][=C][C][=C][Branch1][C][N][N][=C][Ring1][#Branch1][=N][Ring2][Ring1][Ring2][C][=N][Ring2][Ring1][#Branch2][=C][Branch1][C][O][C][Branch2][Branch1][C][/C][=N][/C][=C][C][=C][Branch2][Ring2][Ring2][C][=N][C][Branch1][N][C][=C][C][=C][Branch1][C][N][N][=C][Ring1][#Branch1][=N][C][Branch1][N][C][=C][C][=C][Branch1][C][N][N][=C][Ring1][#Branch1][=N][Ring2][Ring1][Ring2][C][=N][Ring2][Ring1][#Branch2][=C][Ring2][Branch1][#C][O][N][=C][Ring2][=Branch1][Branch2][=N][Ring2][#Branch1][Branch1][C][=N][Ring2][#Branch1][O],<rdkit.Chem.rdchem.Mol object at 0x7f9a6008a340>
expert1,400.0,NC1=CC=C(C2=NC(C3=CC=C(N=C3)/N=C/C4=C(C(/C=N/C5=CC=C(C=N5)C6=NC(C7=CN=C(C=C7)N)=NC(C8=CC=C(N=C8)N)=N6)=C(O)C(/C=N/C9=CC=C(C=N9)C%10=NC(C%11=CN=C(C=C%11)N)=NC(C%12=CC=C(N=C%12)N)=N%10)=C4O)O)=NC(C%13=CN=C(C=C%13)N)=N2)C=N1,Nc1ccc(-c2nc(-c3ccc(N)nc3)nc(-c3ccc(/N=C/c4c(O)c(/C=N/c5ccc(-c6nc(-c7ccc(N)nc7)nc(-c7ccc(N)nc7)n6)cn5)c(O)c(/C=N/c5ccc(-c6nc(-c7ccc(N)nc7)nc(-c7ccc(N)nc7)n6)cn5)c4O)nc3)n2)cn1,[N][C][=C][C][=C][Branch2][O][S][C][=N][C][Branch1][N][C][=C][C][=C][Branch1][C][N][N][=C][Ring1][#Branch1][=N][C][Branch2][#Branch2][#Branch1][C][=C][C][=C][Branch2][=Branch2][O][/N][=C][/C][=C][Branch1][C][O][C][Branch2][Branch1][C][/C][=N][/C][=C][C][=C][Branch2][Ring2][Ring2][C][=N][C][Branch1][N][C][=C][C][=C][Branch1][C][N][N][=C][Ring1][#Branch1][=N][C][Branch1][N][C][=C][C][=C][Branch1][C][N][N][=C][Ring1][#Branch1][=N][Ring2][Ring1][Ring2][C][=N][Ring2][Ring1][#Branch2][=C][Branch1][C][O][C][Branch2][Branch1][C][/C][=N][/C][=C][C][=C][Branch2][Ring2][Ring2][C][=N][C][Branch1][N][C][=C][C][=C][Branch1][C][N][N][=C][Ring1][#Branch1][=N][C][Branch1][N][C][=C][C][=C][Branch1][C][N][N][=C][Ring1][#Branch1][=N][Ring2][Ring1][Ring2][C][=N][Ring2][Ring1][#Branch2][=C][Ring2][Branch1][S][O][N][=C][Ring2][=Branch1][=Branch2][=N][Ring2][#Branch1][=Branch1][C][=N][Ring2][#Branch1][N],<rdkit.Chem.rdchem.Mol object at 0x7f9a6008bf40>
expert1,546.0,NC1=CC=C(C2=NC(C3=CC=C(N=C3)/N=C/C4=C(C(/C=N/C5=CC=C(C=N5)C6=NC(C7=CN=C(C=C7)N)=NC(C8=CC=C(N=C8)N)=N6)=CC(/C=N/C9=CC=C(C=N9)C%10=NC(C%11=CN=C(C=C%11)N)=NC(C%12=CC=C(N=C%12)N)=N%10)=C4)O)=NC(C%13=CN=C(C=C%13)N)=N2)C=N1,Nc1ccc(-c2nc(-c3ccc(N)nc3)nc(-c3ccc(/N=C/c4cc(/C=N/c5ccc(-c6nc(-c7ccc(N)nc7)nc(-c7ccc(N)nc7)n6)cn5)c(O)c(/C=N/c5ccc(-c6nc(-c7ccc(N)nc7)nc(-c7ccc(N)nc7)n6)cn5)c4)nc3)n2)cn1,[N][C][=C][C][=C][Branch2][O][N][C][=N][C][Branch1][N][C][=C][C][=C][Branch1][C][N][N][=C][Ring1][#Branch1][=N][C][Branch2][#Branch2][Ring1][C][=C][C][=C][Branch2][=Branch2][#Branch1][/N][=C][/C][=C][C][Branch2][Branch1][C][/C][=N][/C][=C][C][=C][Branch2][Ring2][Ring2][C][=N][C][Branch1][N][C][=C][C][=C][Branch1][C][N][N][=C][Ring1][#Branch1][=N][C][Branch1][N][C][=C][C][=C][Branch1][C][N][N][=C][Ring1][#Branch1][=N][Ring2][Ring1][Ring2][C][=N][Ring2][Ring1][#Branch2][=C][Branch1][C][O][C][Branch2][Branch1][C][/C][=N][/C][=C][C][=C][Branch2][Ring2][Ring2][C][=N][C][Branch1][N][C][=C][C][=C][Branch1][C][N][N][=C][Ring1][#Branch1][=N][C][Branch1][N][C][=C][C][=C][Branch1][C][N][N][=C][Ring1][#Branch1][=N][Ring2][Ring1][Ring2][C][=N][Ring2][Ring1][#Branch2][=C][Ring2][Branch1][#C][N][=C][Ring2][=Branch1][#Branch1][=N][Ring2][#Branch1][Ring2][C][=N][Ring2][#Branch1][#Branch2],<rdkit.Chem.rdchem.Mol object at 0x7f9a60089b60>
expert1,256.0,Nc7cc(O)c(/N=C/c6ccc(c5nc(c2ccc(/C=N/c1cc(O)c(N)cc1O)cc2)nc(c4ccc(/C=N/c3cc(O)c(N)cc3O)cc4)n5)cc6)cc7O,Nc1cc(O)c(/N=C/c2ccc(-c3nc(-c4ccc(/C=N/c5cc(O)c(N)cc5O)cc4)nc(-c4ccc(/C=N/c5cc(O)c(N)cc5O)cc4)n3)cc2)cc1O,[N][C][=C][C][Branch1][C][O][=C][Branch2][#Branch1][=Branch1][/N][=C][/C][=C][C][=C][Branch2][=Branch1][Branch2][C][=N][C][Branch2][Ring1][=N][C][=C][C][=C][Branch2][Ring1][C][/C][=N][/C][=C][C][Branch1][C][O][=C][Branch1][C][N][C][=C][Ring1][Branch2][O][C][=C][Ring1][P][=N][C][Branch2][Ring1][=N][C][=C][C][=C][Branch2][Ring1][C][/C][=N][/C][=C][C][Branch1][C][O][=C][Branch1][C][N][C][=C][Ring1][Branch2][O][C][=C][Ring1][P][=N][Ring2][Ring2][Branch2][C][=C][Ring2][Ring2][=C][C][=C][Ring2][Branch1][#Branch1][O],<rdkit.Chem.rdchem.Mol object at 0x7f9a60089d20>
expert1,335.0,O=CN1CCN(C=NC2=NC(/N=C/N3CCN(C=O)CC3)=NC(/N=C/N4CCN(CC4)C=O)=N2)CC1,O=CN1CCN(C=Nc2nc(/N=C/N3CCN(C=O)CC3)nc(/N=C/N3CCN(C=O)CC3)n2)CC1,[O][=C][N][C][C][N][Branch2][Ring2][N][C][=N][C][=N][C][Branch1][#C][/N][=C][/N][C][C][N][Branch1][Ring1][C][=O][C][C][Ring1][Branch2][=N][C][Branch1][#C][/N][=C][/N][C][C][N][Branch1][Ring1][C][=O][C][C][Ring1][Branch2][=N][Ring2][Ring1][#Branch2][C][C][Ring2][Ring2][C],<rdkit.Chem.rdchem.Mol object at 0x7f9a60088200>
expert1,256.0,N#Cc%16ccc(n%15[nH]c(=O)c%14cc%13c(=O)n(c%12ccc(c%11nc(c5ccc(n4[nH]c(=O)c3cc2c(=O)n(c1ccc(C#N)cc1)[nH]c(=O)c2cc3c4=O)cc5)nc(c%10ccc(n9[nH]c(=O)c8cc7c(=O)n(c6ccc(C#N)cc6)[nH]c(=O)c7cc8c9=O)cc%10)n%11)cc%12)[nH]c(=O)c%13cc%14c%15=O)cc%16,N#Cc1ccc(-n2[nH]c(=O)c3cc4c(=O)n(-c5ccc(-c6nc(-c7ccc(-n8[nH]c(=O)c9cc%10c(=O)n(-c%11ccc(C#N)cc%11)[nH]c(=O)c%10cc9c8=O)cc7)nc(-c7ccc(-n8[nH]c(=O)c9cc%10c(=O)n(-c%11ccc(C#N)cc%11)[nH]c(=O)c%10cc9c8=O)cc7)n6)cc5)[nH]c(=O)c4cc3c2=O)cc1,[N][#C][C][=C][C][=C][Branch2][=N][Ring2][N][NH1][C][=Branch1][C][=O][C][=C][C][C][=Branch1][C][=O][N][Branch2][#Branch2][S][C][=C][C][=C][Branch2][#Branch2][Ring2][C][=N][C][Branch2][Branch1][O][C][=C][C][=C][Branch2][Ring2][#C][N][NH1][C][=Branch1][C][=O][C][=C][C][C][=Branch1][C][=O][N][Branch1][=N][C][=C][C][=C][Branch1][Ring1][C][#N][C][=C][Ring1][Branch2][NH1][C][=Branch1][C][=O][C][=Ring1][S][C][=C][Ring2][Ring1][Ring2][C][Ring2][Ring1][=Branch2][=O][C][=C][Ring2][Ring1][S][=N][C][Branch2][Branch1][O][C][=C][C][=C][Branch2][Ring2][#C][N][NH1][C][=Branch1][C][=O][C][=C][C][C][=Branch1][C][=O][N][Branch1][=N][C][=C][C][=C][Branch1][Ring1][C][#N][C][=C][Ring1][Branch2][NH1][C][=Branch1][C][=O][C][=Ring1][S][C][=C][Ring2][Ring1][Ring2][C][Ring2][Ring1][=Branch2][=O][C][=C][Ring2][Ring1][S][=N][Ring2][=Branch1][=Branch1][C][=C][Ring2][=Branch1][N][NH1][C][=Branch1][C][=O][C][=Ring2][#Branch1][Ring2][C][=C][Ring2][#Branch1][Branch2][C][Ring2][#Branch1][=N][=O][C][=C][Ring2][Branch2][Ring2],<rdkit.Chem.rdchem.Mol object at 0x7f9a6008a180>
expert1,231.0,N#Cc%16ccc(n%15c(=O)c%14cc%13c(=O)n(c%12ccc(c%11nc(c5ccc(n4c(=O)c3cc2c(=O)n(c1ccc(C#N)cc1)c(=O)c2cc3c4=O)cc5)nc(c%10ccc(n9c(=O)c8cc7c(=O)n(c6ccc(C#N)cc6)c(=O)c7cc8c9=O)cc%10)n%11)cc%12)c(=O)c%13cc%14c%15=O)cc%16,N#Cc1ccc(-n2c(=O)c3cc4c(=O)n(-c5ccc(-c6nc(-c7ccc(-n8c(=O)c9cc%10c(=O)n(-c%11ccc(C#N)cc%11)c(=O)c%10cc9c8=O)cc7)nc(-c7ccc(-n8c(=O)c9cc%10c(=O)n(-c%11ccc(C#N)cc%11)c(=O)c%10cc9c8=O)cc7)n6)cc5)c(=O)c4cc3c2=O)cc1,[N][#C][C][=C][C][=C][Branch2][N][=C][N][C][=Branch1][C][=O][C][=C][C][C][=Branch1][C][=O][N][Branch2][#Branch2][N][C][=C][C][=C][Branch2][=Branch2][S][C][=N][C][Branch2][Branch1][=Branch2][C][=C][C][=C][Branch2][Ring2][=N][N][C][=Branch1][C][=O][C][=C][C][C][=Branch1][C][=O][N][Branch1][=N][C][=C][C][=C][Branch1][Ring1][C][#N][C][=C][Ring1][Branch2][C][=Branch1][C][=O][C][=Ring1][#C][C][=C][Ring2][Ring1][Ring1][C][Ring2][Ring1][#Branch1][=O][C][=C][Ring2][Ring1][=C][=N][C][Branch2][Branch1][=Branch2][C][=C][C][=C][Branch2][Ring2][=N][N][C][=Branch1][C][=O][C][=C][C][C][=Branch1][C][=O][N][Branch1][=N][C][=C][C][=C][Branch1][Ring1][C][#N][C][=C][Ring1][Branch2][C][=Branch1][C][=O][C][=Ring1][#C][C][=C][Ring2][Ring1][Ring1][C][Ring2][Ring1][#Branch1][=O][C][=C][Ring2][Ring1][=C][=N][Ring2][=Branch1][C][C][=C][Ring2][=Branch1][Branch2][C][=Branch1][C][=O][C][=Ring2][=Branch1][#C][C][=C][Ring2][#Branch1][Ring1][C][Ring2][#Branch1][#Branch1][=O][C][=C][Ring2][#Branch1][=C],<rdkit.Chem.rdchem.Mol object at 0x7f9a6008a3b0>
expert2,407.0,Brc4ccc(Nc3nc(Nc1ccc(Br)s1)nc(Nc2ccc(Br)s2)n3)s4,Brc1ccc(Nc2nc(Nc3ccc(Br)s3)nc(Nc3ccc(Br)s3)n2)s1,[Br][C][=C][C][=C][Branch2][Ring2][Branch1][N][C][=N][C][Branch1][N][N][C][=C][C][=C][Branch1][C][Br][S][Ring1][=Branch1][=N][C][Branch1][N][N][C][=C][C][=C][Branch1][C][Br][S][Ring1][=Branch1][=N][Ring2][Ring1][Ring2][S][Ring2][Ring1][#Branch2],<rdkit.Chem.rdchem.Mol object at 0x7f9a6008a0a0>
expert2,663.0,Nc%13cc%12nc%11cc%10nc9c4nc3cc2nc1cc(N)c(N)cc1nc2cc3nc4c8nc7cc6nc5cc(N)c(N)cc5nc6cc7nc8c9nc%10cc%11nc%12cc%13N,Nc1cc2nc3cc4nc5c6nc7cc8nc9cc(N)c(N)cc9nc8cc7nc6c6nc7cc8nc9cc(N)c(N)cc9nc8cc7nc6c5nc4cc3nc2cc1N,[N][C][=C][C][=N][C][=C][C][=N][C][=C][N][=C][C][=C][N][=C][C][=C][Branch1][C][N][C][Branch1][C][N][=C][C][Ring1][Branch2][=N][C][Ring1][N][=C][C][Ring1][S][=N][C][Ring2][Ring1][Ring2][=C][N][=C][C][=C][N][=C][C][=C][Branch1][C][N][C][Branch1][C][N][=C][C][Ring1][Branch2][=N][C][Ring1][N][=C][C][Ring1][S][=N][C][Ring2][Ring1][Ring2][=C][Ring2][Ring2][#Branch2][N][=C][Ring2][Ring2][=C][C][=C][Ring2][Branch1][C][N][=C][Ring2][Branch1][=Branch1][C][=C][Ring2][Branch1][#Branch2][N],<rdkit.Chem.rdchem.Mol object at 0x7f9a6008ae30>
expert2,379.0,Nc(ccc1)c2c1c(NC=C3C(C(C(C(C3=O)=CNc(ccc4)c5c4c(N)ccc5)=O)=CNc(ccc6)c7c6c(N)ccc7)=O)ccc2,Nc1cccc2c(NC=C3C(=O)C(=CNc4cccc5c(N)cccc45)C(=O)C(=CNc4cccc5c(N)cccc45)C3=O)cccc12,[N][C][=C][C][=C][C][=C][Branch2][Branch1][#C][N][C][=C][C][=Branch1][C][=O][C][=Branch2][Ring1][Ring2][=C][N][C][=C][C][=C][C][=C][Branch1][C][N][C][=C][C][=C][Ring1][O][Ring1][#Branch1][C][=Branch1][C][=O][C][=Branch2][Ring1][Ring2][=C][N][C][=C][C][=C][C][=C][Branch1][C][N][C][=C][C][=C][Ring1][O][Ring1][#Branch1][C][Ring2][Ring2][C][=O][C][=C][C][=C][Ring2][Ring2][#C][Ring2][Ring2][O],<rdkit.Chem.rdchem.Mol object at 0x7f9a60089c40>
expert2,66.56,Nc%18ccc(c%17ccc%16[nH]c(c%15cc(c3nc2cc(c1ccc(N)c(N)c1)ccc2[nH]3)cc(n%11c(=O)c%12ccc%13c(=O)n(c%10cc(c6nc5cc(c4ccc(N)c(N)c4)ccc5[nH]6)cc(c9nc8cc(c7ccc(N)c(N)c7)ccc8[nH]9)c%10)c(=O)c%14ccc(c%11=O)c%12c%13%14)c%15)nc%16c%17)cc%18N,Nc1ccc(-c2ccc3[nH]c(-c4cc(-c5nc6cc(-c7ccc(N)c(N)c7)ccc6[nH]5)cc(N5C(=O)c6ccc7c8c(ccc(c68)C5=O)C(=O)N(c5cc(-c6nc8cc(-c9ccc(N)c(N)c9)ccc8[nH]6)cc(-c6nc8cc(-c9ccc(N)c(N)c9)ccc8[nH]6)c5)C7=O)c4)nc3c2)cc1N,[N][C][=C][C][=C][Branch2][N][S][C][=C][C][=C][NH1][C][Branch2][O][=C][C][=C][C][Branch2][Ring1][=C][C][=N][C][=C][C][Branch1][#C][C][=C][C][=C][Branch1][C][N][C][Branch1][C][N][=C][Ring1][Branch2][=C][C][=C][Ring1][=C][NH1][Ring1][P][=C][C][Branch2][=Branch2][C][N][C][=Branch1][C][=O][C][=C][C][=C][C][=C][Branch1][#C][C][=C][C][=Branch1][=Branch1][=C][Ring1][#Branch2][Ring1][=Branch1][C][Ring1][=C][=O][C][=Branch1][C][=O][N][Branch2][=Branch1][#Branch2][C][=C][C][Branch2][Ring1][=C][C][=N][C][=C][C][Branch1][#C][C][=C][C][=C][Branch1][C][N][C][Branch1][C][N][=C][Ring1][Branch2][=C][C][=C][Ring1][=C][NH1][Ring1][P][=C][C][Branch2][Ring1][=C][C][=N][C][=C][C][Branch1][#C][C][=C][C][=C][Branch1][C][N][C][Branch1][C][N][=C][Ring1][Branch2][=C][C][=C][Ring1][=C][NH1][Ring1][P][=C][Ring2][Ring2][Branch2][C][Ring2][Branch1][Branch1][=O][=C][Ring2][#Branch1][Ring1][=N][C][Ring2][#Branch1][Branch2][=C][Ring2][#Branch1][N][C][=C][Ring2][Branch2][C][N],<rdkit.Chem.rdchem.Mol object at 0x7f9a60088190>
expert2,5.65,Nc1c(N)cc(c(cc2)cc3c2[nH]c(c4cc(N5C(c(ccc6c(ccc7C(N(C8=O)c9cc(c(n%10)[nH]c%11c%10ccc(c%12cc(N)c(N)cc%12)c%11)cc(c(n%13)[nH]c%14c%13cc(c%15cc(N)c(N)cc%15)cc%14)c9)=O)c%16c7c8ccc%17%16)c%18c6c%17ccc%18C5=O)=O)cc(c(n%19)[nH]c%20c%19ccc(c%21cc(N)c(N)cc%21)c%20)c4)n3)cc1,Nc1ccc(-c2ccc3[nH]c(-c4cc(-c5nc6ccc(-c7ccc(N)c(N)c7)cc6[nH]5)cc(N5C(=O)c6ccc7c8ccc9c%10c(ccc(c%11ccc(c6c7%11)C5=O)c%108)C(=O)N(c5cc(-c6nc7cc(-c8ccc(N)c(N)c8)ccc7[nH]6)cc(-c6nc7ccc(-c8ccc(N)c(N)c8)cc7[nH]6)c5)C9=O)c4)nc3c2)cc1N,[N][C][=C][C][=C][Branch2][=C][#Branch1][C][=C][C][=C][NH1][C][Branch2][=N][Branch1][C][=C][C][Branch2][Ring1][=C][C][=N][C][=C][C][=C][Branch1][#C][C][=C][C][=C][Branch1][C][N][C][Branch1][C][N][=C][Ring1][Branch2][C][=C][Ring1][=C][NH1][Ring1][P][=C][C][Branch2][#Branch2][=Branch2][N][C][=Branch1][C][=O][C][=C][C][=C][C][=C][C][=C][C][=C][Branch2][Ring1][P][C][=C][C][Branch2][Ring1][Branch1][C][=C][C][=C][Branch1][#Branch2][C][Ring2][Ring1][C][=C][Ring1][S][Ring1][=Branch1][C][Ring2][Ring1][#Branch1][=O][=C][Ring1][=C][Ring2][Ring1][C][C][=Branch1][C][=O][N][Branch2][=Branch1][#Branch2][C][=C][C][Branch2][Ring1][=C][C][=N][C][=C][C][Branch1][#C][C][=C][C][=C][Branch1][C][N][C][Branch1][C][N][=C][Ring1][Branch2][=C][C][=C][Ring1][=C][NH1][Ring1][P][=C][C][Branch2][Ring1][=C][C][=N][C][=C][C][=C][Branch1][#C][C][=C][C][=C][Branch1][C][N][C][Branch1][C][N][=C][Ring1][Branch2][C][=C][Ring1][=C][NH1][Ring1][P][=C][Ring2][Ring2][Branch2][C][Ring2][Branch1][O][=O][=C][Ring2][#Branch1][=N][=N][C][Ring2][Branch2][C][=C][Ring2][Branch2][=Branch1][C][=C][Ring2][Branch2][N][N],<rdkit.Chem.rdchem.Mol object at 0x7f9a60089ee0>
expert2,88.4,Nc%17ccc(c%16ccc%15[nH]c(c%14cc(c3nc2cc(c1ccc(N)c(N)c1)ccc2[nH]3)cc(n%13c(=O)c%12cc%11c(=O)n(c%10cc(c6nc5ccc(c4ccc(N)c(N)c4)cc5[nH]6)cc(c9nc8ccc(c7ccc(N)c(N)c7)cc8[nH]9)c%10)c(=O)c%11cc%12c%13=O)c%14)nc%15c%16)cc%17N,Nc1ccc(-c2ccc3[nH]c(-c4cc(-c5nc6cc(-c7ccc(N)c(N)c7)ccc6[nH]5)cc(-n5c(=O)c6cc7c(=O)n(-c8cc(-c9nc%10ccc(-c%11ccc(N)c(N)c%11)cc%10[nH]9)cc(-c9nc%10ccc(-c%11ccc(N)c(N)c%11)cc%10[nH]9)c8)c(=O)c7cc6c5=O)c4)nc3c2)cc1N,[N][C][=C][C][=C][Branch2][N][#Branch2][C][=C][C][=C][NH1][C][Branch2][O][Branch2][C][=C][C][Branch2][Ring1][=C][C][=N][C][=C][C][Branch1][#C][C][=C][C][=C][Branch1][C][N][C][Branch1][C][N][=C][Ring1][Branch2][=C][C][=C][Ring1][=C][NH1][Ring1][P][=C][C][Branch2][Branch2][N][N][C][=Branch1][C][=O][C][=C][C][C][=Branch1][C][=O][N][Branch2][=Branch1][#Branch2][C][=C][C][Branch2][Ring1][=C][C][=N][C][=C][C][=C][Branch1][#C][C][=C][C][=C][Branch1][C][N][C][Branch1][C][N][=C][Ring1][Branch2][C][=C][Ring1][=C][NH1][Ring1][P][=C][C][Branch2][Ring1][=C][C][=N][C][=C][C][=C][Branch1][#C][C][=C][C][=C][Branch1][C][N][C][Branch1][C][N][=C][Ring1][Branch2][C][=C][Ring1][=C][NH1][Ring1][P][=C][Ring2][Ring2][Branch2][C][=Branch1][C][=O][C][=Ring2][Ring2][#C][C][=C][Ring2][Branch1][Ring1][C][Ring2][Branch1][#Branch1][=O][=C][Ring2][=Branch1][#C][=N][C][Ring2][#Branch1][Ring2][=C][Ring2][#Branch1][Branch2][C][=C][Ring2][#Branch1][=C][N],<rdkit.Chem.rdchem.Mol object at 0x7f9a6008a110>
expert2,49.0,Nc1cc2c(C(c3c(C2=O)ccc(NC=c(c(=O)c(=CNc4cc5c(C(c6c(C5=O)ccc(N)c6)=O)cc4)c(=O)c7=CNc8cc9c(C(c%10c(C9=O)ccc(N)c%10)=O)cc8)c7=O)c3)=O)cc1,Nc1ccc2c(c1)C(=O)c1ccc(NC=C3C(=O)C(=CNc4ccc5c(c4)C(=O)c4ccc(N)cc4C5=O)C(=O)C(=CNc4ccc5c(c4)C(=O)c4ccc(N)cc4C5=O)C3=O)cc1C2=O,[N][C][=C][C][=C][C][=Branch1][Ring2][=C][Ring1][=Branch1][C][=Branch1][C][=O][C][=C][C][=C][Branch2][#Branch1][#Branch1][N][C][=C][C][=Branch1][C][=O][C][=Branch2][Ring1][S][=C][N][C][=C][C][=C][C][=Branch1][Ring2][=C][Ring1][=Branch1][C][=Branch1][C][=O][C][=C][C][=C][Branch1][C][N][C][=C][Ring1][#Branch1][C][Ring1][=N][=O][C][=Branch1][C][=O][C][=Branch2][Ring1][S][=C][N][C][=C][C][=C][C][=Branch1][Ring2][=C][Ring1][=Branch1][C][=Branch1][C][=O][C][=C][C][=C][Branch1][C][N][C][=C][Ring1][#Branch1][C][Ring1][=N][=O][C][Ring2][Ring2][=C][=O][C][=C][Ring2][Branch1][#Branch1][C][Ring2][Branch1][=N][=O],<rdkit.Chem.rdchem.Mol object at 0x7f9a602f5230>
expert2,95.0,Nc1ccc(NC=C2C(C(C(C(C2=O)=CNc3ccc(N)cc3)=O)=CNc4ccc(N)cc4)=O)cc1,Nc1ccc(NC=C2C(=O)C(=CNc3ccc(N)cc3)C(=O)C(=CNc3ccc(N)cc3)C2=O)cc1,[N][C][=C][C][=C][Branch2][Ring2][P][N][C][=C][C][=Branch1][C][=O][C][=Branch1][=C][=C][N][C][=C][C][=C][Branch1][C][N][C][=C][Ring1][#Branch1][C][=Branch1][C][=O][C][=Branch1][=C][=C][N][C][=C][C][=C][Branch1][C][N][C][=C][Ring1][#Branch1][C][Ring2][Ring1][#Branch2][=O][C][=C][Ring2][Ring2][Ring1],<rdkit.Chem.rdchem.Mol object at 0x7f9a602f6ea0>
expert2,724.0,Nc7cc6sc(c5c(O)c(c2nc1cc(S)c(N)cc1s2)c(O)c(c4nc3cc(S)c(N)cc3s4)c5O)nc6cc7S,Nc1cc2sc(-c3c(O)c(-c4nc5cc(S)c(N)cc5s4)c(O)c(-c4nc5cc(S)c(N)cc5s4)c3O)nc2cc1S,[N][C][=C][C][S][C][Branch2][Branch1][=N][C][=C][Branch1][C][O][C][Branch2][Ring1][Ring2][C][=N][C][=C][C][Branch1][C][S][=C][Branch1][C][N][C][=C][Ring1][Branch2][S][Ring1][O][=C][Branch1][C][O][C][Branch2][Ring1][Ring2][C][=N][C][=C][C][Branch1][C][S][=C][Branch1][C][N][C][=C][Ring1][Branch2][S][Ring1][O][=C][Ring2][Ring1][=C][O][=N][C][=Ring2][Ring2][Ring2][C][=C][Ring2][Ring2][Branch2][S],<rdkit.Chem.rdchem.Mol object at 0x7f9a602f7920>
expert2,166.0,Nc7cc6sc(c5cc(c2nc1cc(S)c(N)cc1s2)cc(c4nc3cc(S)c(N)cc3s4)c5)nc6cc7S,Nc1cc2sc(-c3cc(-c4nc5cc(S)c(N)cc5s4)cc(-c4nc5cc(S)c(N)cc5s4)c3)nc2cc1S,[N][C][=C][C][S][C][Branch2][Branch1][=Branch1][C][=C][C][Branch2][Ring1][Ring2][C][=N][C][=C][C][Branch1][C][S][=C][Branch1][C][N][C][=C][Ring1][Branch2][S][Ring1][O][=C][C][Branch2][Ring1][Ring2][C][=N][C][=C][C][Branch1][C][S][=C][Branch1][C][N][C][=C][Ring1][Branch2][S][Ring1][O][=C][Ring2][Ring1][N][=N][C][=Ring2][Ring1][P][C][=C][Ring2][Ring2][Branch1][S],<rdkit.Chem.rdchem.Mol object at 0x7f9a602f7e60>
expert2,224.0,Nc7cc6nc5c2nc1cc(N)c(N)cc1nc2c4nc3cc(N)c(N)cc3nc4c5nc6cc7N,Nc1cc2nc3c4nc5cc(N)c(N)cc5nc4c4nc5cc(N)c(N)cc5nc4c3nc2cc1N,[N][C][=C][C][=N][C][=C][N][=C][C][=C][Branch1][C][N][C][Branch1][C][N][=C][C][Ring1][Branch2][=N][C][Ring1][N][=C][N][=C][C][=C][Branch1][C][N][C][Branch1][C][N][=C][C][Ring1][Branch2][=N][C][Ring1][N][=C][Ring2][Ring1][#Branch2][N][=C][Ring2][Ring1][=C][C][=C][Ring2][Ring2][C][N],<rdkit.Chem.rdchem.Mol object at 0x7f9a602f49e0>
expert2,585.0,NC2=C(N)C(=O)C1N=c6c(=NC1C2=O)c4=NC3C(=O)C(N)=C(N)C(=O)C3N=c4c7=NC5C(=O)C(N)=C(N)C(=O)C5N=c67,NC1=C(N)C(=O)C2N=c3c(c4c(c5c3=NC3C(=O)C(N)=C(N)C(=O)C3N=5)=NC3C(=O)C(N)=C(N)C(=O)C3N=4)=NC2C1=O,[N][C][=C][Branch1][C][N][C][=Branch1][C][=O][C][N][=C][C][Branch2][Branch1][O][C][C][Branch2][Ring1][=N][C][C][Ring1][=Branch1][=N][C][C][=Branch1][C][=O][C][Branch1][C][N][=C][Branch1][C][N][C][=Branch1][C][=O][C][Ring1][#Branch2][N][=Ring1][=C][=N][C][C][=Branch1][C][=O][C][Branch1][C][N][=C][Branch1][C][N][C][=Branch1][C][=O][C][Ring1][#Branch2][N][=Ring2][Ring1][N][=N][C][Ring2][Ring2][C][C][Ring2][Ring2][Branch2][=O],<rdkit.Chem.rdchem.Mol object at 0x7f9a602f4dd0>
expert2,546.0,OC(C(C=O)=CC(C=O)=C1)=C1/C=N/C(N=C2)=CC=C2C3=NC(C4=CN=C(C=C4)/N=C\C5=C(C(C=O)=CC(C=O)=C5)O)=NC(C6=CC=C(N=C6)/N=C\C7=C(C(C=O)=CC(C=O)=C7)O)=N3,O=Cc1cc(C=O)c(O)c(/C=N\c2ccc(-c3nc(-c4ccc(/N=C\c5cc(C=O)cc(C=O)c5O)nc4)nc(-c4ccc(/N=C/c5cc(C=O)cc(C=O)c5O)nc4)n3)cn2)c1,[O][=C][C][=C][C][Branch1][Ring1][C][=O][=C][Branch1][C][O][C][Branch2][#Branch1][N][/C][=N][\C][=C][C][=C][Branch2][=Branch1][=C][C][=N][C][Branch2][Ring1][S][C][=C][C][=C][Branch2][Ring1][Ring2][/N][=C][\C][=C][C][Branch1][Ring1][C][=O][=C][C][Branch1][Ring1][C][=O][=C][Ring1][#Branch2][O][N][=C][Ring2][Ring1][Ring1][=N][C][Branch2][Ring1][S][C][=C][C][=C][Branch2][Ring1][Ring2][/N][=C][/C][=C][C][Branch1][Ring1][C][=O][=C][C][Branch1][Ring1][C][=O][=C][Ring1][#Branch2][O][N][=C][Ring2][Ring1][Ring1][=N][Ring2][Ring2][N][C][=N][Ring2][Branch1][C][=C][Ring2][Branch1][=N],<rdkit.Chem.rdchem.Mol object at 0x7f9a602f7990>
expert2,310.0,OC1=C(/C=N/C2=CC=C(C3=NC(C4=CN=C(/N=C/C5=C(O)C(C=O)=C(O)C(C=O)=C5)C=C4)=NC(C6=CC=C(/N=C/C7=C(O)C(C=O)=C(O)C(C=O)=C7)N=C6)=N3)C=N2)C=C(C=O)C(O)=C1C=O,O=Cc1cc(/C=N/c2ccc(-c3nc(-c4ccc(/N=C/c5cc(C=O)c(O)c(C=O)c5O)nc4)nc(-c4ccc(/N=C/c5cc(C=O)c(O)c(C=O)c5O)nc4)n3)cn2)c(O)c(C=O)c1O,[O][=C][C][=C][C][Branch2][Branch2][C][/C][=N][/C][=C][C][=C][Branch2][#Branch1][Ring2][C][=N][C][Branch2][Ring2][Ring1][C][=C][C][=C][Branch2][Ring1][#Branch1][/N][=C][/C][=C][C][Branch1][Ring1][C][=O][=C][Branch1][C][O][C][Branch1][Ring1][C][=O][=C][Ring1][O][O][N][=C][Ring2][Ring1][Ring2][=N][C][Branch2][Ring2][Ring1][C][=C][C][=C][Branch2][Ring1][#Branch1][/N][=C][/C][=C][C][Branch1][Ring1][C][=O][=C][Branch1][C][O][C][Branch1][Ring1][C][=O][=C][Ring1][O][O][N][=C][Ring2][Ring1][Ring2][=N][Ring2][Ring2][=C][C][=N][Ring2][Branch1][Ring2][=C][Branch1][C][O][C][Branch1][Ring1][C][=O][=C][Ring2][Branch1][#C][O],<rdkit.Chem.rdchem.Mol object at 0x7f9a602f4d60>
expert2,400.0,OC1=C(/C=N/C2=CC=C(C3=NC(C4=CN=C(/N=C/C5=C(O)C(C=O)=C(O)C(C=O)=C5O)C=C4)=NC(C6=CC=C(/N=C/C7=C(O)C(C=O)=C(O)C(C=O)=C7O)N=C6)=N3)C=N2)C(O)=C(C=O)C(O)=C1C=O,O=Cc1c(O)c(C=O)c(O)c(/C=N/c2ccc(-c3nc(-c4ccc(/N=C/c5c(O)c(C=O)c(O)c(C=O)c5O)nc4)nc(-c4ccc(/N=C/c5c(O)c(C=O)c(O)c(C=O)c5O)nc4)n3)cn2)c1O,[O][=C][C][=C][Branch1][C][O][C][Branch1][Ring1][C][=O][=C][Branch1][C][O][C][Branch2][Branch2][Branch2][/C][=N][/C][=C][C][=C][Branch2][#Branch1][#Branch2][C][=N][C][Branch2][Ring2][=Branch1][C][=C][C][=C][Branch2][Ring1][#Branch2][/N][=C][/C][=C][Branch1][C][O][C][Branch1][Ring1][C][=O][=C][Branch1][C][O][C][Branch1][Ring1][C][=O][=C][Ring1][N][O][N][=C][Ring2][Ring1][Branch1][=N][C][Branch2][Ring2][=Branch1][C][=C][C][=C][Branch2][Ring1][#Branch2][/N][=C][/C][=C][Branch1][C][O][C][Branch1][Ring1][C][=O][=C][Branch1][C][O][C][Branch1][Ring1][C][=O][=C][Ring1][N][O][N][=C][Ring2][Ring1][Branch1][=N][Ring2][Ring2][S][C][=N][Ring2][Branch1][=Branch1][=C][Ring2][=Branch1][C][O],<rdkit.Chem.rdchem.Mol object at 0x7f9a602f4cf0>
expert3,39.45,BrC%20=CC%19Sc%18cc(Br)c(c%17ccc(c%16ccc(C(c5ccc(c4ccc(c3cc2SC1C=C(Br)C(Br)=CC1Sc2cc3Br)cc4)cc5)C(c%10ccc(c9ccc(c8cc7SC6C=C(Br)C(Br)=CC6Sc7cc8Br)cc9)cc%10)c%15ccc(c%14ccc(c%13cc%12sc%11cc(Br)c(Br)cc%11sc%12cc%13Br)cc%14)cc%15)cc%16)cc%17)cc%18SC%19C=C%20Br,BrC1=CC2Sc3cc(Br)c(-c4ccc(-c5ccc(C(c6ccc(-c7ccc(-c8cc9c(cc8Br)Sc8cc(Br)c(Br)cc8S9)cc7)cc6)C(c6ccc(-c7ccc(-c8cc9c(cc8Br)SC8C=C(Br)C(Br)=CC8S9)cc7)cc6)c6ccc(-c7ccc(-c8cc9c(cc8Br)SC8C=C(Br)C(Br)=CC8S9)cc7)cc6)cc5)cc4)cc3SC2C=C1Br,[Br][C][=C][C][S][C][=C][C][Branch1][C][Br][=C][Branch2][=N][S][C][=C][C][=C][Branch2][=N][Ring2][C][=C][C][=C][Branch2][N][Branch2][C][Branch2][Branch1][=Branch1][C][=C][C][=C][Branch2][Ring2][#Branch2][C][=C][C][=C][Branch2][Ring1][=C][C][=C][C][=C][Branch1][=Branch1][C][=C][Ring1][=Branch1][Br][S][C][=C][C][Branch1][C][Br][=C][Branch1][C][Br][C][=C][Ring1][Branch2][S][Ring1][#C][C][=C][Ring2][Ring1][#Branch1][C][=C][Ring2][Ring1][=N][C][Branch2][Branch1][=Branch1][C][=C][C][=C][Branch2][Ring2][#Branch2][C][=C][C][=C][Branch2][Ring1][=C][C][=C][C][=C][Branch1][=Branch1][C][=C][Ring1][=Branch1][Br][S][C][C][=C][Branch1][C][Br][C][Branch1][C][Br][=C][C][Ring1][Branch2][S][Ring1][#C][C][=C][Ring2][Ring1][#Branch1][C][=C][Ring2][Ring1][=N][C][=C][C][=C][Branch2][Ring2][#Branch2][C][=C][C][=C][Branch2][Ring1][=C][C][=C][C][=C][Branch1][=Branch1][C][=C][Ring1][=Branch1][Br][S][C][C][=C][Branch1][C][Br][C][Branch1][C][Br][=C][C][Ring1][Branch2][S][Ring1][#C][C][=C][Ring2][Ring1][#Branch1][C][=C][Ring2][Ring1][=N][C][=C][Ring2][#Branch1][#C][C][=C][Ring2][Branch2][Branch1][C][=C][Ring2][Branch2][N][S][C][Ring2][Branch2][S][C][=C][Ring2][=Branch2][Ring2][Br],<rdkit.Chem.rdchem.Mol object at 0x7f9a602f4a50>
expert3,51.0,BrC%20=CC%19Sc%18cc(c%17ccc(c%16ccc(C(c5ccc(c4ccc(c3ccc2SC1C=CC(Br)=CC1Sc2c3)cc4)cc5)C(c%10ccc(c9ccc(c8ccc7SC6C=CC(Br)=CC6Sc7c8)cc9)cc%10)c%15ccc(c%14ccc(c%13ccc%12sc%11ccc(Br)cc%11sc%12c%13)cc%14)cc%15)cc%16)cc%17)ccc%18SC%19C=C%20,BrC1=CC2Sc3cc(-c4ccc(-c5ccc(C(c6ccc(-c7ccc(-c8ccc9c(c8)Sc8cc(Br)ccc8S9)cc7)cc6)C(c6ccc(-c7ccc(-c8ccc9c(c8)SC8C=C(Br)C=CC8S9)cc7)cc6)c6ccc(-c7ccc(-c8ccc9c(c8)SC8C=C(Br)C=CC8S9)cc7)cc6)cc5)cc4)ccc3SC2C=C1,[Br][C][=C][C][S][C][=C][C][Branch2][=N][Ring2][C][=C][C][=C][Branch2][N][Branch2][C][=C][C][=C][Branch2][O][N][C][Branch2][Branch1][C][C][=C][C][=C][Branch2][Ring2][=Branch1][C][=C][C][=C][Branch2][Ring1][#Branch2][C][=C][C][=C][C][=Branch1][Ring2][=C][Ring1][=Branch1][S][C][=C][C][Branch1][C][Br][=C][C][=C][Ring1][#Branch1][S][Ring1][N][C][=C][Ring2][Ring1][Branch1][C][=C][Ring2][Ring1][O][C][Branch2][Branch1][C][C][=C][C][=C][Branch2][Ring2][=Branch1][C][=C][C][=C][Branch2][Ring1][#Branch2][C][=C][C][=C][C][=Branch1][Ring2][=C][Ring1][=Branch1][S][C][C][=C][Branch1][C][Br][C][=C][C][Ring1][#Branch1][S][Ring1][N][C][=C][Ring2][Ring1][Branch1][C][=C][Ring2][Ring1][O][C][=C][C][=C][Branch2][Ring2][=Branch1][C][=C][C][=C][Branch2][Ring1][#Branch2][C][=C][C][=C][C][=Branch1][Ring2][=C][Ring1][=Branch1][S][C][C][=C][Branch1][C][Br][C][=C][C][Ring1][#Branch1][S][Ring1][N][C][=C][Ring2][Ring1][Branch1][C][=C][Ring2][Ring1][O][C][=C][Ring2][#Branch1][=Branch2][C][=C][Ring2][#Branch1][#C][=C][C][=C][Ring2][Branch2][Branch1][S][C][Ring2][Branch2][=Branch2][C][=C][Ring2][Branch2][=N],<rdkit.Chem.rdchem.Mol object at 0x7f9a602f6d50>
expert3,31.37,C#Cc%23ccc(N%22COc%21cc%20CN(C#Cc%19ccc%18CN(c%17ccc(N(c8ccc(N7COc6cc(C#Cc5ccc(N4COc3cc2CN(c1ccc(C#C)cc1)COc2cc3C4)cc5)ccc6C7)cc8)c%16ccc(N%15COc%14cc(C#Cc%13ccc(N%12COc%11cc%10CN(c9ccc(C#C)cc9)COc%10cc%11C%12)cc%13)ccc%14C%15)cc%16)cc%17)COc%18c%19)COc%20cc%21C%22)cc%23,C#Cc1ccc(N2COc3cc4c(cc3C2)OCN(C#Cc2ccc3c(c2)OCN(c2ccc(N(c5ccc(N6COc7cc(C#Cc8ccc(N9COc%10cc%11c(cc%10C9)OCN(c9ccc(C#C)cc9)C%11)cc8)ccc7C6)cc5)c5ccc(N6COc7cc(C#Cc8ccc(N9COc%10cc%11c(cc%10C9)OCN(c9ccc(C#C)cc9)C%11)cc8)ccc7C6)cc5)cc2)C3)C4)cc1,[C][#C][C][=C][C][=C][Branch2][S][Ring1][N][C][O][C][=C][C][=C][Branch1][Branch2][C][=C][Ring1][=Branch1][C][Ring1][#Branch2][O][C][N][Branch2][=C][=Branch2][C][#C][C][=C][C][=C][C][=Branch1][Ring2][=C][Ring1][=Branch1][O][C][N][Branch2][=N][Ring1][C][=C][C][=C][Branch2][N][#Branch1][N][Branch2][#Branch1][C][C][=C][C][=C][Branch2][=Branch1][=Branch1][N][C][O][C][=C][C][Branch2][Branch1][Ring1][C][#C][C][=C][C][=C][Branch2][Ring2][Branch1][N][C][O][C][=C][C][=C][Branch1][Branch2][C][=C][Ring1][=Branch1][C][Ring1][#Branch2][O][C][N][Branch1][=N][C][=C][C][=C][Branch1][Ring1][C][#C][C][=C][Ring1][Branch2][C][Ring1][P][C][=C][Ring2][Ring1][N][=C][C][=C][Ring2][Ring2][Ring2][C][Ring2][Ring2][Branch2][C][=C][Ring2][Ring2][=C][C][=C][C][=C][Branch2][=Branch1][=Branch1][N][C][O][C][=C][C][Branch2][Branch1][Ring1][C][#C][C][=C][C][=C][Branch2][Ring2][Branch1][N][C][O][C][=C][C][=C][Branch1][Branch2][C][=C][Ring1][=Branch1][C][Ring1][#Branch2][O][C][N][Branch1][=N][C][=C][C][=C][Branch1][Ring1][C][#C][C][=C][Ring1][Branch2][C][Ring1][P][C][=C][Ring2][Ring1][N][=C][C][=C][Ring2][Ring2][Ring2][C][Ring2][Ring2][Branch2][C][=C][Ring2][Ring2][=C][C][=C][Ring2][Branch2][Ring1][C][Ring2][Branch2][#Branch2][C][Ring2][=Branch2][Branch2][C][=C][Ring2][#Branch2][Ring1],<rdkit.Chem.rdchem.Mol object at 0x7f9a602f7060>
expert3,67.07,CCc%15ccc(NCc%14cc(O)c(CNc%13ccc(CCc%12ccc(CNc%11ccc(N(c5ccc(NCc4ccc(CCc3ccc(NCc2cc(O)c(CNc1ccc(CC)cc1)cc2O)cc3)cc4O)cc5)c%10ccc(NCc9ccc(CCc8ccc(NCc7cc(O)c(CNc6ccc(CC)cc6)cc7O)cc8)cc9O)cc%10)cc%11)c(O)c%12)cc%13)cc%14O)cc%15,CCc1ccc(NCc2cc(O)c(CNc3ccc(CCc4ccc(CNc5ccc(N(c6ccc(NCc7ccc(CCc8ccc(NCc9cc(O)c(CNc%10ccc(CC)cc%10)cc9O)cc8)cc7O)cc6)c6ccc(NCc7ccc(CCc8ccc(NCc9cc(O)c(CNc%10ccc(CC)cc%10)cc9O)cc8)cc7O)cc6)cc5)c(O)c4)cc3)cc2O)cc1,[C][C][C][=C][C][=C][Branch2][#C][C][N][C][C][=C][C][Branch1][C][O][=C][Branch2][=N][S][C][N][C][=C][C][=C][Branch2][=N][C][C][C][C][=C][C][=C][Branch2][O][P][C][N][C][=C][C][=C][Branch2][O][Ring1][N][Branch2][=Branch1][Branch2][C][=C][C][=C][Branch2][Branch1][N][N][C][C][=C][C][=C][Branch2][Ring2][=N][C][C][C][=C][C][=C][Branch2][Ring1][#C][N][C][C][=C][C][Branch1][C][O][=C][Branch1][#C][C][N][C][=C][C][=C][Branch1][Ring1][C][C][C][=C][Ring1][Branch2][C][=C][Ring1][P][O][C][=C][Ring2][Ring1][#Branch2][C][=C][Ring2][Ring2][C][O][C][=C][Ring2][Ring2][O][C][=C][C][=C][Branch2][Branch1][N][N][C][C][=C][C][=C][Branch2][Ring2][=N][C][C][C][=C][C][=C][Branch2][Ring1][#C][N][C][C][=C][C][Branch1][C][O][=C][Branch1][#C][C][N][C][=C][C][=C][Branch1][Ring1][C][C][C][=C][Ring1][Branch2][C][=C][Ring1][P][O][C][=C][Ring2][Ring1][#Branch2][C][=C][Ring2][Ring2][C][O][C][=C][Ring2][Ring2][O][C][=C][Ring2][#Branch1][=N][C][Branch1][C][O][=C][Ring2][Branch2][=Branch1][C][=C][Ring2][Branch2][=C][C][=C][Ring2][=Branch2][#Branch1][O][C][=C][Ring2][=Branch2][S],<rdkit.Chem.rdchem.Mol object at 0x7f9a602f52a0>
expert3,72.75,COc7ccc(C(c1ccc(OC)cc1)=c5c2ccccc2c(=C(c3ccc(OC)cc3)c4ccc(OC)cc4)c6ccccc56)cc7,COc1ccc(C(c2ccc(OC)cc2)=c2c3ccccc3c(=C(c3ccc(OC)cc3)c3ccc(OC)cc3)c3ccccc23)cc1,[C][O][C][=C][C][=C][Branch2][=Branch1][Ring1][C][Branch1][=N][C][=C][C][=C][Branch1][Ring1][O][C][C][=C][Ring1][Branch2][=C][C][=C][C][=C][C][=C][Ring1][=Branch1][C][=Branch2][Ring1][N][=C][Branch1][=N][C][=C][C][=C][Branch1][Ring1][O][C][C][=C][Ring1][Branch2][C][=C][C][=C][Branch1][Ring1][O][C][C][=C][Ring1][Branch2][C][=C][C][=C][C][=C][Ring2][Ring1][#C][Ring1][=Branch1][C][=C][Ring2][Ring2][=C],<rdkit.Chem.rdchem.Mol object at 0x7f9a602f7ed0>
expert3,98.4,Clc%11nc(Cl)nc(c%10ccc(C(c2ccc(c1nc(Cl)nc(Cl)n1)cc2)=c8c3ccccc3c(=C(c5ccc(c4nc(Cl)nc(Cl)n4)cc5)c7ccc(c6nc(Cl)nc(Cl)n6)cc7)c9ccccc89)cc%10)n%11,Clc1nc(Cl)nc(-c2ccc(C(c3ccc(-c4nc(Cl)nc(Cl)n4)cc3)=c3c4ccccc4c(=C(c4ccc(-c5nc(Cl)nc(Cl)n5)cc4)c4ccc(-c5nc(Cl)nc(Cl)n5)cc4)c4ccccc34)cc2)n1,[Cl][C][=N][C][Branch1][C][Cl][=N][C][Branch2][=Branch2][Branch1][C][=C][C][=C][Branch2][Branch2][=Branch2][C][Branch2][Ring1][=Branch2][C][=C][C][=C][Branch1][#C][C][=N][C][Branch1][C][Cl][=N][C][Branch1][C][Cl][=N][Ring1][Branch2][C][=C][Ring1][=C][=C][C][=C][C][=C][C][=C][Ring1][=Branch1][C][=Branch2][Branch1][Branch1][=C][Branch2][Ring1][=Branch2][C][=C][C][=C][Branch1][#C][C][=N][C][Branch1][C][Cl][=N][C][Branch1][C][Cl][=N][Ring1][Branch2][C][=C][Ring1][=C][C][=C][C][=C][Branch1][#C][C][=N][C][Branch1][C][Cl][=N][C][Branch1][C][Cl][=N][Ring1][Branch2][C][=C][Ring1][=C][C][=C][C][=C][C][=C][Ring2][Ring2][O][Ring1][=Branch1][C][=C][Ring2][Branch1][S][=N][Ring2][=Branch1][#Branch1],<rdkit.Chem.rdchem.Mol object at 0x7f9a602f6e30>
expert3,231.0,c7ncnc(c6ccc(c5cc(c2ccc(c1ncncn1)cc2)nc(c4ccc(c3ncncn3)cc4)c5)cc6)n7,c1ncnc(-c2ccc(-c3cc(-c4ccc(-c5ncncn5)cc4)nc(-c4ccc(-c5ncncn5)cc4)c3)cc2)n1,[C][=N][C][=N][C][Branch2][Branch1][S][C][=C][C][=C][Branch2][Branch1][Ring2][C][=C][C][Branch2][Ring1][Ring1][C][=C][C][=C][Branch1][=Branch2][C][=N][C][=N][C][=N][Ring1][=Branch1][C][=C][Ring1][N][=N][C][Branch2][Ring1][Ring1][C][=C][C][=C][Branch1][=Branch2][C][=N][C][=N][C][=N][Ring1][=Branch1][C][=C][Ring1][N][=C][Ring2][Ring1][=C][C][=C][Ring2][Ring2][Ring2][=N][Ring2][Ring2][#Branch2],<rdkit.Chem.rdchem.Mol object at 0x7f9a602f4e40>
expert3,1236.0,O=Cc4ccc(/C=N/c3nc(/N=C/c1ccc(C=O)cc1)nc(/N=C/c2ccc(C=O)cc2)n3)cc4,O=Cc1ccc(/C=N/c2nc(/N=C/c3ccc(C=O)cc3)nc(/N=C/c3ccc(C=O)cc3)n2)cc1,[O][=C][C][=C][C][=C][Branch2][Ring2][N][/C][=N][/C][=N][C][Branch1][#C][/N][=C][/C][=C][C][=C][Branch1][Ring1][C][=O][C][=C][Ring1][Branch2][=N][C][Branch1][#C][/N][=C][/C][=C][C][=C][Branch1][Ring1][C][=O][C][=C][Ring1][Branch2][=N][Ring2][Ring1][#Branch2][C][=C][Ring2][Ring2][C],<rdkit.Chem.rdchem.Mol object at 0x7f9a602f70d0>
expert3,575.0,O=Cc4ccc(/C=N/c3ccc(Oc2ccc(/N=C/c1ccc(C=O)cc1)cc2)cc3)cc4,O=Cc1ccc(/C=N/c2ccc(Oc3ccc(/N=C/c4ccc(C=O)cc4)cc3)cc2)cc1,[O][=C][C][=C][C][=C][Branch2][Ring2][Branch2][/C][=N][/C][=C][C][=C][Branch2][Ring1][#Branch2][O][C][=C][C][=C][Branch1][#C][/N][=C][/C][=C][C][=C][Branch1][Ring1][C][=O][C][=C][Ring1][Branch2][C][=C][Ring1][S][C][=C][Ring2][Ring1][#Branch1][C][=C][Ring2][Ring1][#C],<rdkit.Chem.rdchem.Mol object at 0x7f9a602f44a0>
expert3,291.1,O=Cc6c(O)c(C=O)c(=O)c(=CNc5ccc(N(c2ccc(NC=c1c(O)c(C=O)c(O)c(C=O)c1=O)cc2)c4ccc(NC=c3c(O)c(C=O)c(O)c(C=O)c3=O)cc4)cc5)c6O,O=CC1=C(O)C(C=O)=C(O)C(=CNc2ccc(N(c3ccc(NC=C4C(=O)C(C=O)=C(O)C(C=O)=C4O)cc3)c3ccc(NC=C4C(=O)C(C=O)=C(O)C(C=O)=C4O)cc3)cc2)C1=O,[O][=C][C][=C][Branch1][C][O][C][Branch1][Ring1][C][=O][=C][Branch1][C][O][C][=Branch2][#Branch1][=N][=C][N][C][=C][C][=C][Branch2][=Branch1][#C][N][Branch2][Ring2][=Branch1][C][=C][C][=C][Branch2][Ring1][#Branch2][N][C][=C][C][=Branch1][C][=O][C][Branch1][Ring1][C][=O][=C][Branch1][C][O][C][Branch1][Ring1][C][=O][=C][Ring1][N][O][C][=C][Ring2][Ring1][Branch1][C][=C][C][=C][Branch2][Ring1][#Branch2][N][C][=C][C][=Branch1][C][=O][C][Branch1][Ring1][C][=O][=C][Branch1][C][O][C][Branch1][Ring1][C][=O][=C][Ring1][N][O][C][=C][Ring2][Ring1][Branch1][C][=C][Ring2][Ring2][P][C][Ring2][Branch1][=N][=O],<rdkit.Chem.rdchem.Mol object at 0x7f9a602f76f0>
expert3,209.0,O=Cc7c(O)c(C=O)c(=O)c(=CNc6ccc(c5cc(c2ccc(NC=c1c(O)c(C=O)c(O)c(C=O)c1=O)cc2)nc(c4ccc(NC=c3c(O)c(C=O)c(O)c(C=O)c3=O)cc4)c5)cc6)c7O,O=CC1=C(O)C(C=O)=C(O)C(=CNc2ccc(-c3cc(-c4ccc(NC=C5C(=O)C(C=O)=C(O)C(C=O)=C5O)cc4)nc(-c4ccc(NC=C5C(=O)C(C=O)=C(O)C(C=O)=C5O)cc4)c3)cc2)C1=O,[O][=C][C][=C][Branch1][C][O][C][Branch1][Ring1][C][=O][=C][Branch1][C][O][C][=Branch2][Branch2][Branch2][=C][N][C][=C][C][=C][Branch2][#Branch1][#Branch2][C][=C][C][Branch2][Ring2][=Branch1][C][=C][C][=C][Branch2][Ring1][#Branch2][N][C][=C][C][=Branch1][C][=O][C][Branch1][Ring1][C][=O][=C][Branch1][C][O][C][Branch1][Ring1][C][=O][=C][Ring1][N][O][C][=C][Ring2][Ring1][Branch1][=N][C][Branch2][Ring2][=Branch1][C][=C][C][=C][Branch2][Ring1][#Branch2][N][C][=C][C][=Branch1][C][=O][C][Branch1][Ring1][C][=O][=C][Branch1][C][O][C][Branch1][Ring1][C][=O][=C][Ring1][N][O][C][=C][Ring2][Ring1][Branch1][=C][Ring2][Ring2][S][C][=C][Ring2][Branch1][=Branch1][C][Ring2][=Branch1][C][=O],<rdkit.Chem.rdchem.Mol object at 0x7f9a602f69d0>
expert3,150.0,O=Cc7c(O)c(C=O)c(=O)c(=CNc6ccc(n5c2ccc(NC=c1c(O)c(C=O)c(O)c(C=O)c1=O)cc2c4cc(NC=c3c(O)c(C=O)c(O)c(C=O)c3=O)ccc45)cc6)c7O,O=CC1=C(O)C(C=O)=C(O)C(=CNc2ccc(-n3c4ccc(NC=C5C(=O)C(C=O)=C(O)C(C=O)=C5O)cc4c4cc(NC=C5C(=O)C(C=O)=C(O)C(C=O)=C5O)ccc43)cc2)C1=O,[O][=C][C][=C][Branch1][C][O][C][Branch1][Ring1][C][=O][=C][Branch1][C][O][C][=Branch2][#Branch1][=N][=C][N][C][=C][C][=C][Branch2][=Branch1][#C][N][C][=C][C][=C][Branch2][Ring1][#Branch2][N][C][=C][C][=Branch1][C][=O][C][Branch1][Ring1][C][=O][=C][Branch1][C][O][C][Branch1][Ring1][C][=O][=C][Ring1][N][O][C][=C][Ring2][Ring1][Branch1][C][=C][C][Branch2][Ring1][#Branch2][N][C][=C][C][=Branch1][C][=O][C][Branch1][Ring1][C][=O][=C][Branch1][C][O][C][Branch1][Ring1][C][=O][=C][Ring1][N][O][=C][C][=C][Ring2][Ring1][Branch1][Ring2][Ring2][O][C][=C][Ring2][Ring2][P][C][Ring2][Branch1][=N][=O],<rdkit.Chem.rdchem.Mol object at 0x7f9a602f6180>
expert3,51.3,O=Cc%12ccc(N(c1ccc(C=O)cc1)c%11ccc(/C=N/c%10ccc(N(c5ccc(/N=C/c4ccc(N(c2ccc(C=O)cc2)c3ccc(C=O)cc3)cc4)cc5)c9ccc(/N=C/c8ccc(N(c6ccc(C=O)cc6)c7ccc(C=O)cc7)cc8)cc9)cc%10)cc%11)cc%12,O=Cc1ccc(N(c2ccc(C=O)cc2)c2ccc(/C=N/c3ccc(N(c4ccc(/N=C/c5ccc(N(c6ccc(C=O)cc6)c6ccc(C=O)cc6)cc5)cc4)c4ccc(/N=C/c5ccc(N(c6ccc(C=O)cc6)c6ccc(C=O)cc6)cc5)cc4)cc3)cc2)cc1,[O][=C][C][=C][C][=C][Branch2][O][Branch2][N][Branch1][=N][C][=C][C][=C][Branch1][Ring1][C][=O][C][=C][Ring1][Branch2][C][=C][C][=C][Branch2][=Branch2][=N][/C][=N][/C][=C][C][=C][Branch2][Branch2][#C][N][Branch2][Branch1][=Branch1][C][=C][C][=C][Branch2][Ring2][#Branch2][/N][=C][/C][=C][C][=C][Branch2][Ring1][N][N][Branch1][=N][C][=C][C][=C][Branch1][Ring1][C][=O][C][=C][Ring1][Branch2][C][=C][C][=C][Branch1][Ring1][C][=O][C][=C][Ring1][Branch2][C][=C][Ring2][Ring1][#Branch1][C][=C][Ring2][Ring1][#C][C][=C][C][=C][Branch2][Ring2][#Branch2][/N][=C][/C][=C][C][=C][Branch2][Ring1][N][N][Branch1][=N][C][=C][C][=C][Branch1][Ring1][C][=O][C][=C][Ring1][Branch2][C][=C][C][=C][Branch1][Ring1][C][=O][C][=C][Ring1][Branch2][C][=C][Ring2][Ring1][#Branch1][C][=C][Ring2][Ring1][#C][C][=C][Ring2][=Branch1][Branch1][C][=C][Ring2][=Branch1][=N][C][=C][Ring2][#Branch1][N],<rdkit.Chem.rdchem.Mol object at 0x7f9a602f6f10>
expert3,14.4,O=Cc%15ccc(c%14cc(c1ccc(C=O)cc1)nc(c%13ccc(/C=N/c%12ccc(N(c6ccc(/N=C/c5ccc(c4cc(c2ccc(C=O)cc2)cc(c3ccc(C=O)cc3)n4)cc5)cc6)c%11ccc(/N=C/c%10ccc(c9cc(c7ccc(C=O)cc7)cc(c8ccc(C=O)cc8)n9)cc%10)cc%11)cc%12)cc%13)c%14)cc%15,O=Cc1ccc(-c2cc(-c3ccc(C=O)cc3)nc(-c3ccc(/C=N/c4ccc(N(c5ccc(/N=C/c6ccc(-c7cc(-c8ccc(C=O)cc8)cc(-c8ccc(C=O)cc8)n7)cc6)cc5)c5ccc(/N=C/c6ccc(-c7cc(-c8ccc(C=O)cc8)cc(-c8ccc(C=O)cc8)n7)cc6)cc5)cc4)cc3)c2)cc1,[O][=C][C][=C][C][=C][Branch2][=N][#Branch1][C][=C][C][Branch1][=N][C][=C][C][=C][Branch1][Ring1][C][=O][C][=C][Ring1][Branch2][=N][C][Branch2][O][=N][C][=C][C][=C][Branch2][#Branch2][P][/C][=N][/C][=C][C][=C][Branch2][#Branch2][Ring1][N][Branch2][Branch1][S][C][=C][C][=C][Branch2][Branch1][Ring2][/N][=C][/C][=C][C][=C][Branch2][Ring2][=Branch1][C][=C][C][Branch1][=N][C][=C][C][=C][Branch1][Ring1][C][=O][C][=C][Ring1][Branch2][=C][C][Branch1][=N][C][=C][C][=C][Branch1][Ring1][C][=O][C][=C][Ring1][Branch2][=N][Ring2][Ring1][=Branch1][C][=C][Ring2][Ring1][N][C][=C][Ring2][Ring2][Ring2][C][=C][C][=C][Branch2][Branch1][Ring2][/N][=C][/C][=C][C][=C][Branch2][Ring2][=Branch1][C][=C][C][Branch1][=N][C][=C][C][=C][Branch1][Ring1][C][=O][C][=C][Ring1][Branch2][=C][C][Branch1][=N][C][=C][C][=C][Branch1][Ring1][C][=O][C][=C][Ring1][Branch2][=N][Ring2][Ring1][=Branch1][C][=C][Ring2][Ring1][N][C][=C][Ring2][Ring2][Ring2][C][=C][Ring2][=Branch1][#C][C][=C][Ring2][#Branch1][#Branch1][=C][Ring2][Branch2][Branch1][C][=C][Ring2][Branch2][O],<rdkit.Chem.rdchem.Mol object at 0x7f9a602f75a0>
expert3,5.1,O=Cc%15ccc(c%14nc(c1ccc(C=O)cc1)nc(c%13ccc(/C=N/c%12ccc(N(c6ccc(/N=C/c5ccc(c4nc(c2ccc(C=O)cc2)nc(c3ccc(C=O)cc3)n4)cc5)cc6)c%11ccc(/N=C/c%10ccc(c9nc(c7ccc(C=O)cc7)nc(c8ccc(C=O)cc8)n9)cc%10)cc%11)cc%12)cc%13)n%14)cc%15,O=Cc1ccc(-c2nc(-c3ccc(C=O)cc3)nc(-c3ccc(/C=N/c4ccc(N(c5ccc(/N=C/c6ccc(-c7nc(-c8ccc(C=O)cc8)nc(-c8ccc(C=O)cc8)n7)cc6)cc5)c5ccc(/N=C/c6ccc(-c7nc(-c8ccc(C=O)cc8)nc(-c8ccc(C=O)cc8)n7)cc6)cc5)cc4)cc3)n2)cc1,[O][=C][C][=C][C][=C][Branch2][=N][#Branch1][C][=N][C][Branch1][=N][C][=C][C][=C][Branch1][Ring1][C][=O][C][=C][Ring1][Branch2][=N][C][Branch2][O][=N][C][=C][C][=C][Branch2][#Branch2][P][/C][=N][/C][=C][C][=C][Branch2][#Branch2][Ring1][N][Branch2][Branch1][S][C][=C][C][=C][Branch2][Branch1][Ring2][/N][=C][/C][=C][C][=C][Branch2][Ring2][=Branch1][C][=N][C][Branch1][=N][C][=C][C][=C][Branch1][Ring1][C][=O][C][=C][Ring1][Branch2][=N][C][Branch1][=N][C][=C][C][=C][Branch1][Ring1][C][=O][C][=C][Ring1][Branch2][=N][Ring2][Ring1][=Branch1][C][=C][Ring2][Ring1][N][C][=C][Ring2][Ring2][Ring2][C][=C][C][=C][Branch2][Branch1][Ring2][/N][=C][/C][=C][C][=C][Branch2][Ring2][=Branch1][C][=N][C][Branch1][=N][C][=C][C][=C][Branch1][Ring1][C][=O][C][=C][Ring1][Branch2][=N][C][Branch1][=N][C][=C][C][=C][Branch1][Ring1][C][=O][C][=C][Ring1][Branch2][=N][Ring2][Ring1][=Branch1][C][=C][Ring2][Ring1][N][C][=C][Ring2][Ring2][Ring2][C][=C][Ring2][=Branch1][#C][C][=C][Ring2][#Branch1][#Branch1][=N][Ring2][Branch2][Branch1][C][=C][Ring2][Branch2][O],<rdkit.Chem.rdchem.Mol object at 0x7f9a602f47b0>
expert3,404.0,O=N(=O)c%13ccc([n+]%12ccc(c%11cc[n+](c%10ccc(c9cc(c4ccc([n+]3ccc(c2cc[n+](c1ccc(N(=O)=O)cc1N(=O)=O)cc2)cc3)cc4)cc(c8ccc([n+]7ccc(c6cc[n+](c5ccc(N(=O)=O)cc5N(=O)=O)cc6)cc7)cc8)c9)cc%10)cc%11)cc%12)c(N(=O)=O)c%13,O=[N+]([O-])c1ccc(-[n+]2ccc(-c3cc[n+](-c4ccc(-c5cc(-c6ccc(-[n+]7ccc(-c8cc[n+](-c9ccc([N+](=O)[O-])cc9[N+](=O)[O-])cc8)cc7)cc6)cc(-c6ccc(-[n+]7ccc(-c8cc[n+](-c9ccc([N+](=O)[O-])cc9[N+](=O)[O-])cc8)cc7)cc6)c5)cc4)cc3)cc2)c([N+](=O)[O-])c1,[O][=N+1][Branch1][C][O-1][C][=C][C][=C][Branch2][N][Ring2][N+1][=C][C][=C][Branch2][O][Branch2][C][=C][C][=N+1][Branch2][#Branch2][N][C][=C][C][=C][Branch2][=Branch2][S][C][=C][C][Branch2][Branch1][=Branch2][C][=C][C][=C][Branch2][Ring2][=N][N+1][=C][C][=C][Branch2][Ring1][P][C][=C][C][=N+1][Branch2][Ring1][Branch1][C][=C][C][=C][Branch1][=Branch1][N+1][=Branch1][C][=O][O-1][C][=C][Ring1][=Branch2][N+1][=Branch1][C][=O][O-1][C][=C][Ring2][Ring1][C][C][=C][Ring2][Ring1][Branch2][C][=C][Ring2][Ring1][=C][=C][C][Branch2][Branch1][=Branch2][C][=C][C][=C][Branch2][Ring2][=N][N+1][=C][C][=C][Branch2][Ring1][P][C][=C][C][=N+1][Branch2][Ring1][Branch1][C][=C][C][=C][Branch1][=Branch1][N+1][=Branch1][C][=O][O-1][C][=C][Ring1][=Branch2][N+1][=Branch1][C][=O][O-1][C][=C][Ring2][Ring1][C][C][=C][Ring2][Ring1][Branch2][C][=C][Ring2][Ring1][=C][=C][Ring2][=Branch1][C][C][=C][Ring2][=Branch1][Branch2][C][=C][Ring2][=Branch1][=C][C][=C][Ring2][#Branch1][Ring2][C][Branch1][=Branch1][N+1][=Branch1][C][=O][O-1][=C][Ring2][#Branch1][=N],<rdkit.Chem.rdchem.Mol object at 0x7f9a602f7450>
expert3,2.4,O=Cc%13ccc(N(c1ccc(C=O)cc1)c%12ccc(/C=N/c%11ccc(c%10nc(c5ccc(/N=C/c4ccc(N(c2ccc(C=O)cc2)c3ccc(C=O)cc3)cc4)cc5)nc(c9ccc(/N=C/c8ccc(N(c6ccc(C=O)cc6)c7ccc(C=O)cc7)cc8)cc9)n%10)cc%11)cc%12)cc%13,O=Cc1ccc(N(c2ccc(C=O)cc2)c2ccc(/C=N/c3ccc(-c4nc(-c5ccc(/N=C/c6ccc(N(c7ccc(C=O)cc7)c7ccc(C=O)cc7)cc6)cc5)nc(-c5ccc(/N=C/c6ccc(N(c7ccc(C=O)cc7)c7ccc(C=O)cc7)cc6)cc5)n4)cc3)cc2)cc1,[O][=C][C][=C][C][=C][Branch2][N][Ring1][N][Branch1][=N][C][=C][C][=C][Branch1][Ring1][C][=O][C][=C][Ring1][Branch2][C][=C][C][=C][Branch2][#Branch2][Branch2][/C][=N][/C][=C][C][=C][Branch2][=Branch2][#Branch2][C][=N][C][Branch2][Branch1][=Branch1][C][=C][C][=C][Branch2][Ring2][#Branch2][/N][=C][/C][=C][C][=C][Branch2][Ring1][N][N][Branch1][=N][C][=C][C][=C][Branch1][Ring1][C][=O][C][=C][Ring1][Branch2][C][=C][C][=C][Branch1][Ring1][C][=O][C][=C][Ring1][Branch2][C][=C][Ring2][Ring1][#Branch1][C][=C][Ring2][Ring1][#C][=N][C][Branch2][Branch1][=Branch1][C][=C][C][=C][Branch2][Ring2][#Branch2][/N][=C][/C][=C][C][=C][Branch2][Ring1][N][N][Branch1][=N][C][=C][C][=C][Branch1][Ring1][C][=O][C][=C][Ring1][Branch2][C][=C][C][=C][Branch1][Ring1][C][=O][C][=C][Ring1][Branch2][C][=C][Ring2][Ring1][#Branch1][C][=C][Ring2][Ring1][#C][=N][Ring2][=Branch1][Ring2][C][=C][Ring2][=Branch1][#Branch2][C][=C][Ring2][#Branch1][C][C][=C][Ring2][#Branch1][P],<rdkit.Chem.rdchem.Mol object at 0x7f9a602f7370>
expert3,13.6,O=Cc%13ccc(N(c1ccc(C=O)cc1)c%12ccc(/C=N/c%11ccc(n%10c5ccc(/N=C/c4ccc(N(c2ccc(C=O)cc2)c3ccc(C=O)cc3)cc4)cc5c9cc(/N=C/c8ccc(N(c6ccc(C=O)cc6)c7ccc(C=O)cc7)cc8)ccc9%10)cc%11)cc%12)cc%13,O=Cc1ccc(N(c2ccc(C=O)cc2)c2ccc(/C=N/c3ccc(-n4c5ccc(/N=C/c6ccc(N(c7ccc(C=O)cc7)c7ccc(C=O)cc7)cc6)cc5c5cc(/N=C/c6ccc(N(c7ccc(C=O)cc7)c7ccc(C=O)cc7)cc6)ccc54)cc3)cc2)cc1,[O][=C][C][=C][C][=C][Branch2][O][Branch2][N][Branch1][=N][C][=C][C][=C][Branch1][Ring1][C][=O][C][=C][Ring1][Branch2][C][=C][C][=C][Branch2][=Branch2][=N][/C][=N][/C][=C][C][=C][Branch2][Branch2][#C][N][C][=C][C][=C][Branch2][Ring2][#Branch2][/N][=C][/C][=C][C][=C][Branch2][Ring1][N][N][Branch1][=N][C][=C][C][=C][Branch1][Ring1][C][=O][C][=C][Ring1][Branch2][C][=C][C][=C][Branch1][Ring1][C][=O][C][=C][Ring1][Branch2][C][=C][Ring2][Ring1][#Branch1][C][=C][Ring2][Ring1][#C][C][=C][C][Branch2][Ring2][#Branch2][/N][=C][/C][=C][C][=C][Branch2][Ring1][N][N][Branch1][=N][C][=C][C][=C][Branch1][Ring1][C][=O][C][=C][Ring1][Branch2][C][=C][C][=C][Branch1][Ring1][C][=O][C][=C][Ring1][Branch2][C][=C][Ring2][Ring1][#Branch1][=C][C][=C][Ring2][Ring1][#C][Ring2][Branch1][#C][C][=C][Ring2][=Branch1][Branch1][C][=C][Ring2][=Branch1][=N][C][=C][Ring2][#Branch1][N],<rdkit.Chem.rdchem.Mol object at 0x7f9a602f4430>
expert3,0.0,O=Cc%16ccc(c%15cc(c1ccc(C=O)cc1)nc(c%14ccc(/C=N/c%13ccc(c%12nc(c6ccc(/N=C/c5ccc(c4cc(c2ccc(C=O)cc2)cc(c3ccc(C=O)cc3)n4)cc5)cc6)nc(c%11ccc(/N=C/c%10ccc(c9cc(c7ccc(C=O)cc7)cc(c8ccc(C=O)cc8)n9)cc%10)cc%11)n%12)cc%13)cc%14)c%15)cc%16,O=Cc1ccc(-c2cc(-c3ccc(C=O)cc3)nc(-c3ccc(/C=N/c4ccc(-c5nc(-c6ccc(/N=C/c7ccc(-c8cc(-c9ccc(C=O)cc9)cc(-c9ccc(C=O)cc9)n8)cc7)cc6)nc(-c6ccc(/N=C/c7ccc(-c8cc(-c9ccc(C=O)cc9)cc(-c9ccc(C=O)cc9)n8)cc7)cc6)n5)cc4)cc3)c2)cc1,[O][=C][C][=C][C][=C][Branch2][=C][C][C][=C][C][Branch1][=N][C][=C][C][=C][Branch1][Ring1][C][=O][C][=C][Ring1][Branch2][=N][C][Branch2][N][Branch2][C][=C][C][=C][Branch2][O][N][/C][=N][/C][=C][C][=C][Branch2][#Branch2][=C][C][=N][C][Branch2][Branch1][S][C][=C][C][=C][Branch2][Branch1][Ring2][/N][=C][/C][=C][C][=C][Branch2][Ring2][=Branch1][C][=C][C][Branch1][=N][C][=C][C][=C][Branch1][Ring1][C][=O][C][=C][Ring1][Branch2][=C][C][Branch1][=N][C][=C][C][=C][Branch1][Ring1][C][=O][C][=C][Ring1][Branch2][=N][Ring2][Ring1][=Branch1][C][=C][Ring2][Ring1][N][C][=C][Ring2][Ring2][Ring2][=N][C][Branch2][Branch1][S][C][=C][C][=C][Branch2][Branch1][Ring2][/N][=C][/C][=C][C][=C][Branch2][Ring2][=Branch1][C][=C][C][Branch1][=N][C][=C][C][=C][Branch1][Ring1][C][=O][C][=C][Ring1][Branch2][=C][C][Branch1][=N][C][=C][C][=C][Branch1][Ring1][C][=O][C][=C][Ring1][Branch2][=N][Ring2][Ring1][=Branch1][C][=C][Ring2][Ring1][N][C][=C][Ring2][Ring2][Ring2][=N][Ring2][=Branch1][=C][C][=C][Ring2][#Branch1][Ring2][C][=C][Ring2][#Branch1][N][=C][Ring2][Branch2][#Branch2][C][=C][Ring2][Branch2][S],<rdkit.Chem.rdchem.Mol object at 0x7f9a602f42e0>
expert3,0.0,O=Cc%16ccc(c%15nc(c1ccc(C=O)cc1)nc(c%14ccc(/C=N/c%13ccc(c%12nc(c6ccc(/N=C/c5ccc(c4nc(c2ccc(C=O)cc2)nc(c3ccc(C=O)cc3)n4)cc5)cc6)nc(c%11ccc(/N=C/c%10ccc(c9nc(c7ccc(C=O)cc7)nc(c8ccc(C=O)cc8)n9)cc%10)cc%11)n%12)cc%13)cc%14)n%15)cc%16,O=Cc1ccc(-c2nc(-c3ccc(C=O)cc3)nc(-c3ccc(/C=N/c4ccc(-c5nc(-c6ccc(/N=C/c7ccc(-c8nc(-c9ccc(C=O)cc9)nc(-c9ccc(C=O)cc9)n8)cc7)cc6)nc(-c6ccc(/N=C/c7ccc(-c8nc(-c9ccc(C=O)cc9)nc(-c9ccc(C=O)cc9)n8)cc7)cc6)n5)cc4)cc3)n2)cc1,[O][=C][C][=C][C][=C][Branch2][=C][C][C][=N][C][Branch1][=N][C][=C][C][=C][Branch1][Ring1][C][=O][C][=C][Ring1][Branch2][=N][C][Branch2][N][Branch2][C][=C][C][=C][Branch2][O][N][/C][=N][/C][=C][C][=C][Branch2][#Branch2][=C][C][=N][C][Branch2][Branch1][S][C][=C][C][=C][Branch2][Branch1][Ring2][/N][=C][/C][=C][C][=C][Branch2][Ring2][=Branch1][C][=N][C][Branch1][=N][C][=C][C][=C][Branch1][Ring1][C][=O][C][=C][Ring1][Branch2][=N][C][Branch1][=N][C][=C][C][=C][Branch1][Ring1][C][=O][C][=C][Ring1][Branch2][=N][Ring2][Ring1][=Branch1][C][=C][Ring2][Ring1][N][C][=C][Ring2][Ring2][Ring2][=N][C][Branch2][Branch1][S][C][=C][C][=C][Branch2][Branch1][Ring2][/N][=C][/C][=C][C][=C][Branch2][Ring2][=Branch1][C][=N][C][Branch1][=N][C][=C][C][=C][Branch1][Ring1][C][=O][C][=C][Ring1][Branch2][=N][C][Branch1][=N][C][=C][C][=C][Branch1][Ring1][C][=O][C][=C][Ring1][Branch2][=N][Ring2][Ring1][=Branch1][C][=C][Ring2][Ring1][N][C][=C][Ring2][Ring2][Ring2][=N][Ring2][=Branch1][=C][C][=C][Ring2][#Branch1][Ring2][C][=C][Ring2][#Branch1][N][=N][Ring2][Branch2][#Branch2][C][=C][Ring2][Branch2][S],<rdkit.Chem.rdchem.Mol object at 0x7f9a602f7ae0>
expert3,14.5,O=Cc%16ccc(c%15cc(c1ccc(C=O)cc1)nc(c%14ccc(/C=N/c%13ccc(n%12c6ccc(/N=C/c5ccc(c4cc(c2ccc(C=O)cc2)cc(c3ccc(C=O)cc3)n4)cc5)cc6c%11cc(/N=C/c%10ccc(c9cc(c7ccc(C=O)cc7)cc(c8ccc(C=O)cc8)n9)cc%10)ccc%11%12)cc%13)cc%14)c%15)cc%16,O=Cc1ccc(-c2cc(-c3ccc(C=O)cc3)nc(-c3ccc(/C=N/c4ccc(-n5c6ccc(/N=C/c7ccc(-c8cc(-c9ccc(C=O)cc9)cc(-c9ccc(C=O)cc9)n8)cc7)cc6c6cc(/N=C/c7ccc(-c8cc(-c9ccc(C=O)cc9)cc(-c9ccc(C=O)cc9)n8)cc7)ccc65)cc4)cc3)c2)cc1,[O][=C][C][=C][C][=C][Branch2][=N][#Branch1][C][=C][C][Branch1][=N][C][=C][C][=C][Branch1][Ring1][C][=O][C][=C][Ring1][Branch2][=N][C][Branch2][O][=N][C][=C][C][=C][Branch2][#Branch2][P][/C][=N][/C][=C][C][=C][Branch2][#Branch2][Ring1][N][C][=C][C][=C][Branch2][Branch1][Ring2][/N][=C][/C][=C][C][=C][Branch2][Ring2][=Branch1][C][=C][C][Branch1][=N][C][=C][C][=C][Branch1][Ring1][C][=O][C][=C][Ring1][Branch2][=C][C][Branch1][=N][C][=C][C][=C][Branch1][Ring1][C][=O][C][=C][Ring1][Branch2][=N][Ring2][Ring1][=Branch1][C][=C][Ring2][Ring1][N][C][=C][Ring2][Ring2][Ring2][C][=C][C][Branch2][Branch1][Ring2][/N][=C][/C][=C][C][=C][Branch2][Ring2][=Branch1][C][=C][C][Branch1][=N][C][=C][C][=C][Branch1][Ring1][C][=O][C][=C][Ring1][Branch2][=C][C][Branch1][=N][C][=C][C][=C][Branch1][Ring1][C][=O][C][=C][Ring1][Branch2][=N][Ring2][Ring1][=Branch1][C][=C][Ring2][Ring1][N][=C][C][=C][Ring2][Ring2][Ring2][Ring2][=Branch1][=Branch2][C][=C][Ring2][=Branch1][#C][C][=C][Ring2][#Branch1][#Branch1][=C][Ring2][Branch2][Branch1][C][=C][Ring2][Branch2][O],<rdkit.Chem.rdchem.Mol object at 0x7f9a602f5070>
expert3,17.4,O=Cc%16ccc(c%15nc(c1ccc(C=O)cc1)nc(c%14ccc(/C=N/c%13ccc(n%12c6ccc(/N=C/c5ccc(c4nc(c2ccc(C=O)cc2)nc(c3ccc(C=O)cc3)n4)cc5)cc6c%11cc(/N=C/c%10ccc(c9nc(c7ccc(C=O)cc7)nc(c8ccc(C=O)cc8)n9)cc%10)ccc%11%12)cc%13)cc%14)n%15)cc%16,O=Cc1ccc(-c2nc(-c3ccc(C=O)cc3)nc(-c3ccc(/C=N/c4ccc(-n5c6ccc(/N=C/c7ccc(-c8nc(-c9ccc(C=O)cc9)nc(-c9ccc(C=O)cc9)n8)cc7)cc6c6cc(/N=C/c7ccc(-c8nc(-c9ccc(C=O)cc9)nc(-c9ccc(C=O)cc9)n8)cc7)ccc65)cc4)cc3)n2)cc1,[O][=C][C][=C][C][=C][Branch2][=N][#Branch1][C][=N][C][Branch1][=N][C][=C][C][=C][Branch1][Ring1][C][=O][C][=C][Ring1][Branch2][=N][C][Branch2][O][=N][C][=C][C][=C][Branch2][#Branch2][P][/C][=N][/C][=C][C][=C][Branch2][#Branch2][Ring1][N][C][=C][C][=C][Branch2][Branch1][Ring2][/N][=C][/C][=C][C][=C][Branch2][Ring2][=Branch1][C][=N][C][Branch1][=N][C][=C][C][=C][Branch1][Ring1][C][=O][C][=C][Ring1][Branch2][=N][C][Branch1][=N][C][=C][C][=C][Branch1][Ring1][C][=O][C][=C][Ring1][Branch2][=N][Ring2][Ring1][=Branch1][C][=C][Ring2][Ring1][N][C][=C][Ring2][Ring2][Ring2][C][=C][C][Branch2][Branch1][Ring2][/N][=C][/C][=C][C][=C][Branch2][Ring2][=Branch1][C][=N][C][Branch1][=N][C][=C][C][=C][Branch1][Ring1][C][=O][C][=C][Ring1][Branch2][=N][C][Branch1][=N][C][=C][C][=C][Branch1][Ring1][C][=O][C][=C][Ring1][Branch2][=N][Ring2][Ring1][=Branch1][C][=C][Ring2][Ring1][N][=C][C][=C][Ring2][Ring2][Ring2][Ring2][=Branch1][=Branch2][C][=C][Ring2][=Branch1][#C][C][=C][Ring2][#Branch1][#Branch1][=N][Ring2][Branch2][Branch1][C][=C][Ring2][Branch2][O],<rdkit.Chem.rdchem.Mol object at 0x7f9a602f4270>
expert3,367.0,O=C8c7cc(n3c1ccccc1c2ccccc23)c(n6c4ccccc4c5ccccc56)cc7C(=O)C8c%17cc(n%16c(=O)c%15cc(n%11c9ccccc9c%10ccccc%10%11)c(n%14c%12ccccc%12c%13ccccc%13%14)cc%15c%16=O)c(O)cc%17O,O=C1c2cc(-n3c4ccccc4c4ccccc43)c(-n3c4ccccc4c4ccccc43)cc2C(=O)C1c1cc(N2C(=O)c3cc(-n4c5ccccc5c5ccccc54)c(-n4c5ccccc5c5ccccc54)cc3C2=O)c(O)cc1O,[O][=C][C][=C][C][Branch2][Ring1][Ring2][N][C][=C][C][=C][C][=C][Ring1][=Branch1][C][=C][C][=C][C][=C][Ring1][=Branch1][Ring1][=N][=C][Branch2][Ring1][Ring2][N][C][=C][C][=C][C][=C][Ring1][=Branch1][C][=C][C][=C][C][=C][Ring1][=Branch1][Ring1][=N][C][=C][Ring2][Ring1][S][C][=Branch1][C][=O][C][Ring2][Ring2][Ring2][C][=C][C][Branch2][Branch1][S][N][C][=Branch1][C][=O][C][=C][C][Branch2][Ring1][Ring2][N][C][=C][C][=C][C][=C][Ring1][=Branch1][C][=C][C][=C][C][=C][Ring1][=Branch1][Ring1][=N][=C][Branch2][Ring1][Ring2][N][C][=C][C][=C][C][=C][Ring1][=Branch1][C][=C][C][=C][C][=C][Ring1][=Branch1][Ring1][=N][C][=C][Ring2][Ring1][S][C][Ring2][Ring2][Ring2][=O][=C][Branch1][C][O][C][=C][Ring2][Ring2][N][O],<rdkit.Chem.rdchem.Mol object at 0x7f9a602f6ce0>
expert3,52.0,O=S%20(=O)c1ccc(Br)cc1S(=O)(=O)c%19cc(c%18ccc(c%17ccc(C(c6ccc(c5ccc(c2ccc4c(c2)S(=O)(=O)C3C=CC(Br)=CC3S4(=O)=O)cc5)cc6)C(c%11ccc(c%10ccc(c7ccc9c(c7)S(=O)(=O)C8C=CC(Br)=CC8S9(=O)=O)cc%10)cc%11)c%16ccc(c%15ccc(c%12ccc%14c(c%12)S(=O)(=O)C%13C=C(Br)C=CC%13S%14(=O)=O)cc%15)cc%16)cc%17)cc%18)ccc%19%20,O=S1(=O)c2ccc(Br)cc2S(=O)(=O)c2cc(-c3ccc(-c4ccc(C(c5ccc(-c6ccc(-c7ccc8c(c7)S(=O)(=O)C7C=CC(Br)=CC7S8(=O)=O)cc6)cc5)C(c5ccc(-c6ccc(-c7ccc8c(c7)S(=O)(=O)C7C=CC(Br)=CC7S8(=O)=O)cc6)cc5)c5ccc(-c6ccc(-c7ccc8c(c7)S(=O)(=O)C7C=C(Br)C=CC7S8(=O)=O)cc6)cc5)cc4)cc3)ccc21,[O][=S][=Branch1][C][=O][C][=C][C][=C][Branch1][C][Br][C][=C][Ring1][#Branch1][S][=Branch1][C][=O][=Branch1][C][=O][C][=C][C][Branch2][#C][C][C][=C][C][=C][Branch2][=C][=Branch1][C][=C][C][=C][Branch2][=N][#Branch2][C][Branch2][Branch1][N][C][=C][C][=C][Branch2][Ring2][S][C][=C][C][=C][Branch2][Ring2][Ring2][C][=C][C][=C][C][=Branch1][Ring2][=C][Ring1][=Branch1][S][=Branch1][C][=O][=Branch1][C][=O][C][C][=C][C][Branch1][C][Br][=C][C][Ring1][#Branch1][S][Ring1][=C][=Branch1][C][=O][=O][C][=C][Ring2][Ring1][=Branch2][C][=C][Ring2][Ring1][#C][C][Branch2][Branch1][N][C][=C][C][=C][Branch2][Ring2][S][C][=C][C][=C][Branch2][Ring2][Ring2][C][=C][C][=C][C][=Branch1][Ring2][=C][Ring1][=Branch1][S][=Branch1][C][=O][=Branch1][C][=O][C][C][=C][C][Branch1][C][Br][=C][C][Ring1][#Branch1][S][Ring1][=C][=Branch1][C][=O][=O][C][=C][Ring2][Ring1][=Branch2][C][=C][Ring2][Ring1][#C][C][=C][C][=C][Branch2][Ring2][S][C][=C][C][=C][Branch2][Ring2][Ring2][C][=C][C][=C][C][=Branch1][Ring2][=C][Ring1][=Branch1][S][=Branch1][C][=O][=Branch1][C][=O][C][C][=C][Branch1][C][Br][C][=C][C][Ring1][#Branch1][S][Ring1][=C][=Branch1][C][=O][=O][C][=C][Ring2][Ring1][=Branch2][C][=C][Ring2][Ring1][#C][C][=C][Ring2][Branch2][Branch1][C][=C][Ring2][Branch2][O][=C][C][=C][Ring2][Branch2][P][Ring2][=Branch2][=N],<rdkit.Chem.rdchem.Mol object at 0x7f9a602f6960>
expert3,75.3,Brc1ccc%39c(c1)c2cc(Br)ccc2c%40nc%38cc%37nc%36c%34ccc(c%30cc(c3ccc%10c(c3)c4ccccc4c%11nc9cc8nc7c5ccc(Br)cc5c6cc(Br)ccc6c7nc8cc9nc%10%11)c%31ccc%33c(c%12ccc%19c(c%12)c%13ccccc%13c%20nc%18cc%17nc%16c%14ccc(Br)cc%14c%15cc(Br)ccc%15c%16nc%17cc%18nc%19%20)cc(c%21ccc%28c(c%21)c%22ccccc%22c%29nc%27cc%26nc%25c%23ccc(Br)cc%23c%24cc(Br)ccc%24c%25nc%26cc%27nc%28%29)c%32CCc%30c%31c%32%33)cc%34c%35ccccc%35c%36nc%37cc%38nc%39%40,Brc1ccc2c(c1)c1cc(Br)ccc1c1nc3cc4nc5c6ccc(-c7cc(-c8ccc9c(c8)c8ccccc8c8nc%10cc%11nc%12c%13ccc(Br)cc%13c%13cc(Br)ccc%13c%12nc%11cc%10nc98)c8ccc9c(-c%10ccc%11c(c%10)c%10ccccc%10c%10nc%12cc%13nc%14c%15ccc(Br)cc%15c%15cc(Br)ccc%15c%14nc%13cc%12nc%11%10)cc(-c%10ccc%11c(c%10)c%10ccccc%10c%10nc%12cc%13nc%14c%15ccc(Br)cc%15c%15cc(Br)ccc%15c%14nc%13cc%12nc%11%10)c%10c9c8c7CC%10)cc6c6ccccc6c5nc4cc3nc21,[Br][C][=C][C][=C][C][=Branch1][Ring2][=C][Ring1][=Branch1][C][=C][C][Branch1][C][Br][=C][C][=C][Ring1][#Branch1][C][=N][C][=C][C][=N][C][=C][C][=C][C][Branch2][S][P][C][=C][C][Branch2][=Branch1][Branch1][C][=C][C][=C][C][=Branch1][Ring2][=C][Ring1][=Branch1][C][=C][C][=C][C][=C][Ring1][=Branch1][C][=N][C][=C][C][=N][C][=C][C][=C][C][Branch1][C][Br][=C][C][Ring1][#Branch1][=C][C][=C][Branch1][C][Br][C][=C][C][Ring1][#Branch1][=C][Ring1][S][N][=C][Ring2][Ring1][Ring2][C][=C][Ring2][Ring1][Branch2][N][=C][Ring2][Ring2][Branch1][Ring2][Ring1][N][=C][C][=C][C][=C][Branch2][=Branch1][Branch1][C][=C][C][=C][C][=Branch1][Ring2][=C][Ring1][=Branch1][C][=C][C][=C][C][=C][Ring1][=Branch1][C][=N][C][=C][C][=N][C][=C][C][=C][C][Branch1][C][Br][=C][C][Ring1][#Branch1][=C][C][=C][Branch1][C][Br][C][=C][C][Ring1][#Branch1][=C][Ring1][S][N][=C][Ring2][Ring1][Ring2][C][=C][Ring2][Ring1][Branch2][N][=C][Ring2][Ring2][Branch1][Ring2][Ring1][N][C][=C][Branch2][=Branch1][Branch1][C][=C][C][=C][C][=Branch1][Ring2][=C][Ring1][=Branch1][C][=C][C][=C][C][=C][Ring1][=Branch1][C][=N][C][=C][C][=N][C][=C][C][=C][C][Branch1][C][Br][=C][C][Ring1][#Branch1][=C][C][=C][Branch1][C][Br][C][=C][C][Ring1][#Branch1][=C][Ring1][S][N][=C][Ring2][Ring1][Ring2][C][=C][Ring2][Ring1][Branch2][N][=C][Ring2][Ring2][Branch1][Ring2][Ring1][N][C][=C][Ring2][#Branch1][=Branch1][C][Ring2][#Branch1][#Branch2][=C][Ring2][#Branch2][=Branch1][C][C][Ring1][=Branch1][=C][C][Ring2][#Branch2][=C][=C][C][=C][C][=C][C][Ring1][=Branch1][=C][Ring2][O][=Branch1][N][=C][Ring2][O][#Branch2][C][=C][Ring2][O][=C][N][=C][Ring2][N][N][Ring2][N][C],<rdkit.Chem.rdchem.Mol object at 0x7f9a602f50e0>
expert3,24.9,Brc1ccc%31c(c1)c%24cc(c%23ccc(c%22cc(c%11ccc(c2ccc9c(c2)c3cc(Br)ccc3c%10nc8cc7nc6c4ccc(Br)cc4c5cc(Br)ccc5c6nc7cc8nc9%10)cc%11)cc(c%21ccc(c%12ccc%19c(c%12)c%13cc(Br)ccc%13c%20nc%18cc%17nc%16c%14ccc(Br)cc%14c%15cc(Br)ccc%15c%16nc%17cc%18nc%19%20)cc%21)n%22)cc%23)ccc%24c%32cc%30nc%29cc%28nc%27c%25ccc(Br)cc%25c%26cc(Br)ccc%26c%27nc%28cc%29nc%30cc%31%32,Brc1ccc2c(c1)c1cc(-c3ccc(-c4cc(-c5ccc(-c6ccc7c(c6)c6cc(Br)ccc6c6nc8cc9nc%10c%11ccc(Br)cc%11c%11cc(Br)ccc%11c%10nc9cc8nc76)cc5)cc(-c5ccc(-c6ccc7c(c6)c6cc(Br)ccc6c6nc8cc9nc%10c%11ccc(Br)cc%11c%11cc(Br)ccc%11c%10nc9cc8nc76)cc5)n4)cc3)ccc1c1cc3nc4cc5nc6c7ccc(Br)cc7c7cc(Br)ccc7c6nc5cc4nc3cc21,[Br][C][=C][C][=C][C][=Branch1][Ring2][=C][Ring1][=Branch1][C][=C][C][Branch2][=C][C][C][=C][C][=C][Branch2][=N][=Branch1][C][=C][C][Branch2][#Branch1][Ring2][C][=C][C][=C][Branch2][=Branch1][Branch2][C][=C][C][=C][C][=Branch1][Ring2][=C][Ring1][=Branch1][C][=C][C][Branch1][C][Br][=C][C][=C][Ring1][#Branch1][C][=N][C][=C][C][=N][C][=C][C][=C][C][Branch1][C][Br][=C][C][Ring1][#Branch1][=C][C][=C][Branch1][C][Br][C][=C][C][Ring1][#Branch1][=C][Ring1][S][N][=C][Ring2][Ring1][Ring2][C][=C][Ring2][Ring1][Branch2][N][=C][Ring2][Ring2][=Branch1][Ring2][Ring1][N][C][=C][Ring2][Ring2][#C][=C][C][Branch2][#Branch1][Ring2][C][=C][C][=C][Branch2][=Branch1][Branch2][C][=C][C][=C][C][=Branch1][Ring2][=C][Ring1][=Branch1][C][=C][C][Branch1][C][Br][=C][C][=C][Ring1][#Branch1][C][=N][C][=C][C][=N][C][=C][C][=C][C][Branch1][C][Br][=C][C][Ring1][#Branch1][=C][C][=C][Branch1][C][Br][C][=C][C][Ring1][#Branch1][=C][Ring1][S][N][=C][Ring2][Ring1][Ring2][C][=C][Ring2][Ring1][Branch2][N][=C][Ring2][Ring2][=Branch1][Ring2][Ring1][N][C][=C][Ring2][Ring2][#C][=N][Ring2][Branch2][Ring2][C][=C][Ring2][Branch2][#Branch2][=C][C][=C][Ring2][Branch2][S][C][=C][C][=N][C][=C][C][=N][C][=C][C][=C][C][Branch1][C][Br][=C][C][Ring1][#Branch1][=C][C][=C][Branch1][C][Br][C][=C][C][Ring1][#Branch1][=C][Ring1][S][N][=C][Ring2][Ring1][Ring2][C][=C][Ring2][Ring1][Branch2][N][=C][Ring2][Ring1][N][C][=C][Ring2][O][Ring1][Ring2][Ring1][S],<rdkit.Chem.rdchem.Mol object at 0x7f9a602f7840>
expert3,121.9,Brc1ccc%31c(c1)c%24cc(c%23ccc(c%22nc(c%11ccc(c2ccc9c(c2)c3cc(Br)ccc3c%10nc8cc7nc6c4ccc(Br)cc4c5cc(Br)ccc5c6nc7cc8nc9%10)cc%11)nc(c%21ccc(c%12ccc%19c(c%12)c%13cc(Br)ccc%13c%20nc%18cc%17nc%16c%14ccc(Br)cc%14c%15cc(Br)ccc%15c%16nc%17cc%18nc%19%20)cc%21)n%22)cc%23)ccc%24c%32cc%30nc%29cc%28nc%27c%25ccc(Br)cc%25c%26cc(Br)ccc%26c%27nc%28cc%29nc%30cc%31%32,Brc1ccc2c(c1)c1cc(-c3ccc(-c4nc(-c5ccc(-c6ccc7c(c6)c6cc(Br)ccc6c6nc8cc9nc%10c%11ccc(Br)cc%11c%11cc(Br)ccc%11c%10nc9cc8nc76)cc5)nc(-c5ccc(-c6ccc7c(c6)c6cc(Br)ccc6c6nc8cc9nc%10c%11ccc(Br)cc%11c%11cc(Br)ccc%11c%10nc9cc8nc76)cc5)n4)cc3)ccc1c1cc3nc4cc5nc6c7ccc(Br)cc7c7cc(Br)ccc7c6nc5cc4nc3cc21,[Br][C][=C][C][=C][C][=Branch1][Ring2][=C][Ring1][=Branch1][C][=C][C][Branch2][=C][C][C][=C][C][=C][Branch2][=N][=Branch1][C][=N][C][Branch2][#Branch1][Ring2][C][=C][C][=C][Branch2][=Branch1][Branch2][C][=C][C][=C][C][=Branch1][Ring2][=C][Ring1][=Branch1][C][=C][C][Branch1][C][Br][=C][C][=C][Ring1][#Branch1][C][=N][C][=C][C][=N][C][=C][C][=C][C][Branch1][C][Br][=C][C][Ring1][#Branch1][=C][C][=C][Branch1][C][Br][C][=C][C][Ring1][#Branch1][=C][Ring1][S][N][=C][Ring2][Ring1][Ring2][C][=C][Ring2][Ring1][Branch2][N][=C][Ring2][Ring2][=Branch1][Ring2][Ring1][N][C][=C][Ring2][Ring2][#C][=N][C][Branch2][#Branch1][Ring2][C][=C][C][=C][Branch2][=Branch1][Branch2][C][=C][C][=C][C][=Branch1][Ring2][=C][Ring1][=Branch1][C][=C][C][Branch1][C][Br][=C][C][=C][Ring1][#Branch1][C][=N][C][=C][C][=N][C][=C][C][=C][C][Branch1][C][Br][=C][C][Ring1][#Branch1][=C][C][=C][Branch1][C][Br][C][=C][C][Ring1][#Branch1][=C][Ring1][S][N][=C][Ring2][Ring1][Ring2][C][=C][Ring2][Ring1][Branch2][N][=C][Ring2][Ring2][=Branch1][Ring2][Ring1][N][C][=C][Ring2][Ring2][#C][=N][Ring2][Branch2][Ring2][C][=C][Ring2][Branch2][#Branch2][=C][C][=C][Ring2][Branch2][S][C][=C][C][=N][C][=C][C][=N][C][=C][C][=C][C][Branch1][C][Br][=C][C][Ring1][#Branch1][=C][C][=C][Branch1][C][Br][C][=C][C][Ring1][#Branch1][=C][Ring1][S][N][=C][Ring2][Ring1][Ring2][C][=C][Ring2][Ring1][Branch2][N][=C][Ring2][Ring1][N][C][=C][Ring2][O][Ring1][Ring2][Ring1][S],<rdkit.Chem.rdchem.Mol object at 0x7f9a602f65e0>
expert3,81.2,c9ncnc(c7cc6c(c1ncncn1)c4cc(c2ncncn2)c(c3ncncn3)cc4c(c5ncncn5)c6cc7c8ncncn8)n9,c1ncnc(-c2cc3c(-c4ncncn4)c4cc(-c5ncncn5)c(-c5ncncn5)cc4c(-c4ncncn4)c3cc2-c2ncncn2)n1,[C][=N][C][=N][C][Branch2][=Branch1][Branch2][C][=C][C][=C][Branch1][=Branch2][C][=N][C][=N][C][=N][Ring1][=Branch1][C][=C][C][Branch1][=Branch2][C][=N][C][=N][C][=N][Ring1][=Branch1][=C][Branch1][=Branch2][C][=N][C][=N][C][=N][Ring1][=Branch1][C][=C][Ring2][Ring1][C][C][Branch1][=Branch2][C][=N][C][=N][C][=N][Ring1][=Branch1][=C][Ring2][Ring2][C][C][=C][Ring2][Ring2][=Branch1][C][=N][C][=N][C][=N][Ring1][=Branch1][=N][Ring2][Branch1][C],<rdkit.Chem.rdchem.Mol object at 0x7f9a602f7d80>
